<aligned-text xmlns="http://alpheios.net/namespaces/aligned-text">
  <language lnum="L1" xml:lang="grc" dir="ltr"/>
  <language lnum="L2" xml:lang="lat" dir="ltr"/>
  <sentence id="1" document_id="">
    <wds lnum="L1">
      <comment xmlns:ns_1="http://www.w3.org/1999/xlink" class="uri"/>
      <w n="1-1">
        <text>ἄλλως</text>
        <refs nrefs="2-1 2-2"/>
      </w>
      <w n="1-2">
        <text>·</text>
      </w>
      <w n="1-3">
        <text>ἀπὸ</text>
        <refs nrefs="2-3"/>
      </w>
      <w n="1-4">
        <text>πόλεως</text>
        <refs nrefs="2-4"/>
      </w>
      <w n="1-5">
        <text>εἰς</text>
        <refs nrefs="2-6"/>
      </w>
      <w n="1-6">
        <text>πόλιν</text>
      </w>
      <w n="1-7">
        <text>,</text>
      </w>
      <w n="1-8">
        <text>ἀπὸ</text>
        <refs nrefs="2-8"/>
      </w>
      <w n="1-9">
        <text>Ἄλεξανδρείας</text>
        <refs nrefs="2-9"/>
      </w>
      <w n="1-10">
        <text>εἰς</text>
        <refs nrefs="2-10"/>
      </w>
      <w n="1-11">
        <text>Ῥόδον</text>
        <refs nrefs="2-11"/>
      </w>
      <w n="1-12">
        <text>στάδια</text>
        <refs nrefs="2-12"/>
      </w>
      <w n="1-13">
        <text>ˏδχοˊ</text>
        <refs nrefs="2-13 2-14 2-15 2-16"/>
      </w>
      <w n="1-14">
        <text>·</text>
      </w>
      <w n="1-15">
        <text>εἰς</text>
        <refs nrefs="2-18"/>
      </w>
      <w n="1-16">
        <text>Κνίδον</text>
        <refs nrefs="3-1"/>
      </w>
      <w n="1-17">
        <text>στάδια</text>
        <refs nrefs="3-2"/>
      </w>
      <w n="1-18">
        <text>ψˊ</text>
        <refs nrefs="3-3"/>
      </w>
      <w n="1-19">
        <text>·</text>
      </w>
      <w n="1-20">
        <text>εἰς</text>
        <refs nrefs="3-5"/>
      </w>
      <w n="1-21">
        <text>Κῶ</text>
        <refs nrefs="3-7"/>
      </w>
      <w n="1-22">
        <text>στάδια</text>
        <refs nrefs="3-8"/>
      </w>
      <w n="1-23">
        <text>σˊ</text>
        <refs nrefs="3-9"/>
      </w>
      <w n="1-24">
        <text>·</text>
      </w>
      <w n="1-25">
        <text>εἰς</text>
        <refs nrefs="3-11"/>
      </w>
      <w n="1-26">
        <text>Σάμον</text>
        <refs nrefs="3-12"/>
      </w>
      <w n="1-27">
        <text>στάδια</text>
        <refs nrefs="3-13"/>
      </w>
      <w n="1-28">
        <text>ωˊ</text>
        <refs nrefs="3-14"/>
      </w>
      <w n="1-29">
        <text>·</text>
      </w>
      <w n="1-30">
        <text>εἰς</text>
        <refs nrefs="3-16"/>
      </w>
      <w n="1-31">
        <text>Χίον</text>
        <refs nrefs="3-17"/>
      </w>
      <w n="1-32">
        <text>στάδια</text>
        <refs nrefs="3-18"/>
      </w>
      <w n="1-33">
        <text>ψνˊ</text>
        <refs nrefs="4-1"/>
      </w>
      <w n="1-34">
        <text>·</text>
      </w>
      <w n="1-35">
        <text>εἰς</text>
        <refs nrefs="4-3"/>
      </w>
      <w n="1-36">
        <text>Μιτυλήνην</text>
        <refs nrefs="4-4"/>
      </w>
      <w n="1-37">
        <text>στάδια</text>
        <refs nrefs="4-5"/>
      </w>
      <w n="1-38">
        <text>φκˊ</text>
        <refs nrefs="4-6"/>
      </w>
      <w n="1-39">
        <text>·</text>
      </w>
      <w n="1-40">
        <text>εἰς</text>
        <refs nrefs="4-8"/>
      </w>
      <w n="1-41">
        <text>Τένεδον</text>
        <refs nrefs="4-9"/>
      </w>
      <w n="1-42">
        <text>στάδια</text>
      </w>
      <w n="1-43">
        <text>τνˊ</text>
        <refs nrefs="4-10"/>
      </w>
      <w n="1-44">
        <text>·</text>
      </w>
      <w n="1-45">
        <text>εἰς</text>
        <refs nrefs="4-12"/>
      </w>
      <w n="1-46">
        <text>Σίγιον</text>
        <refs nrefs="4-13"/>
      </w>
      <w n="1-47">
        <text>ρˊ</text>
        <refs nrefs="4-14"/>
      </w>
      <w n="1-48">
        <text>·</text>
      </w>
      <w n="1-49">
        <text>ἐπὶ</text>
        <refs nrefs="4-15"/>
      </w>
      <w n="1-50">
        <text>τὸ</text>
        <refs nrefs="4-16"/>
      </w>
      <w n="1-51">
        <text>στόμα</text>
        <refs nrefs="4-16"/>
      </w>
      <w n="1-52">
        <text>Πόντου</text>
        <refs nrefs="4-17"/>
      </w>
      <w n="1-53">
        <text>ˏβφˊ</text>
        <refs nrefs="5-1 4-18 4-19"/>
      </w>
      <w n="1-54">
        <text>·</text>
      </w>
      <w n="1-55">
        <text>ἐπὶ</text>
        <refs nrefs="5-2"/>
      </w>
      <w n="1-56">
        <text>Κάραμβιν</text>
        <refs nrefs="5-3"/>
      </w>
      <w n="1-57">
        <text>ˏβωˊ</text>
        <refs nrefs="5-4 5-5 5-6"/>
      </w>
      <w n="1-58">
        <text>·</text>
      </w>
      <w n="1-59">
        <text>εἰς</text>
        <refs nrefs="5-8"/>
      </w>
      <w n="1-60">
        <text>στόμα</text>
        <refs nrefs="5-9"/>
      </w>
      <w n="1-61">
        <text>Μαιώτιδος</text>
        <refs nrefs="5-10"/>
      </w>
      <w n="1-62">
        <text>ˏαφˊ</text>
        <refs nrefs="5-11 5-12"/>
      </w>
      <w n="1-63">
        <text>·</text>
      </w>
      <w n="1-64">
        <text>ἐπὶ</text>
        <refs nrefs="5-13"/>
      </w>
      <w n="1-65">
        <text>Τάναϊν</text>
        <refs nrefs="5-14"/>
      </w>
      <w n="1-66">
        <text>ποταμὸν</text>
        <refs nrefs="5-15"/>
      </w>
      <w n="1-67">
        <text>ˏβσˊ</text>
        <refs nrefs="5-16 5-17 5-18"/>
      </w>
      <w n="1-68">
        <text>·</text>
      </w>
      <w n="1-69">
        <text>ὁμοῦ</text>
        <refs nrefs="6-1"/>
      </w>
      <w n="1-70">
        <text>ἀπὸ</text>
        <refs nrefs="6-2"/>
      </w>
      <w n="1-71">
        <text>Ἀλεξανδρείας</text>
        <refs nrefs="6-3"/>
      </w>
      <w n="1-72">
        <text>ἕως</text>
        <refs nrefs="6-4"/>
      </w>
      <w n="1-73">
        <text>Τανάϊδος</text>
        <refs nrefs="6-5"/>
      </w>
      <w n="1-74">
        <text>σταδίων</text>
        <refs nrefs="6-7"/>
      </w>
      <w n="1-75">
        <text>μύρια</text>
        <refs nrefs="6-9"/>
      </w>
      <w n="1-76">
        <text>ˏηχϚˊ</text>
        <refs nrefs="6-8 6-10"/>
      </w>
      <w n="1-77">
        <text>.</text>
      </w>
    </wds>
    <wds lnum="L2">
      <comment xmlns:ns_1="http://www.w3.org/1999/xlink" class="uri"/>
      <w n="1-1">
        <text>Iterum</text>
      </w>
      <w n="2-1">
        <text>alio</text>
        <refs nrefs="1-1"/>
      </w>
      <w n="2-2">
        <text>modo</text>
        <refs nrefs="1-1"/>
      </w>
      <w n="2-3">
        <text>ab</text>
        <refs nrefs="1-3"/>
      </w>
      <w n="2-4">
        <text>urbe</text>
        <refs nrefs="1-4"/>
      </w>
      <w n="2-5">
        <text>una</text>
      </w>
      <w n="2-6">
        <text>ad</text>
        <refs nrefs="1-5"/>
      </w>
      <w n="2-7">
        <text>aliam</text>
      </w>
      <w n="2-8">
        <text>ab</text>
        <refs nrefs="1-8"/>
      </w>
      <w n="2-9">
        <text>Alexandria</text>
        <refs nrefs="1-9"/>
      </w>
      <w n="2-10">
        <text>in</text>
        <refs nrefs="1-10"/>
      </w>
      <w n="2-11">
        <text>Rhodum</text>
        <refs nrefs="1-11"/>
      </w>
      <w n="2-12">
        <text>stadia</text>
        <refs nrefs="1-12"/>
      </w>
      <w n="2-13">
        <text>IV</text>
        <refs nrefs="1-13"/>
      </w>
      <w n="2-14">
        <text>M</text>
        <refs nrefs="1-13"/>
      </w>
      <w n="2-15">
        <text>DC</text>
        <refs nrefs="1-13"/>
      </w>
      <w n="2-16">
        <text>LXX</text>
        <refs nrefs="1-13"/>
      </w>
      <w n="2-17">
        <text>.</text>
      </w>
      <w n="2-18">
        <text>ad</text>
        <refs nrefs="1-15"/>
      </w>
      <w n="3-1">
        <text>Cnidum</text>
        <refs nrefs="1-16"/>
      </w>
      <w n="3-2">
        <text>stadia</text>
        <refs nrefs="1-17"/>
      </w>
      <w n="3-3">
        <text>DCC</text>
        <refs nrefs="1-18"/>
      </w>
      <w n="3-4">
        <text>.</text>
      </w>
      <w n="3-5">
        <text>ad</text>
        <refs nrefs="1-20"/>
      </w>
      <w n="3-6">
        <text>insulam</text>
      </w>
      <w n="3-7">
        <text>Co</text>
        <refs nrefs="1-21"/>
      </w>
      <w n="3-8">
        <text>stadia</text>
        <refs nrefs="1-22"/>
      </w>
      <w n="3-9">
        <text>CC</text>
        <refs nrefs="1-23"/>
      </w>
      <w n="3-10">
        <text>.</text>
      </w>
      <w n="3-11">
        <text>ad</text>
        <refs nrefs="1-25"/>
      </w>
      <w n="3-12">
        <text>Samum</text>
        <refs nrefs="1-26"/>
      </w>
      <w n="3-13">
        <text>stadia</text>
        <refs nrefs="1-27"/>
      </w>
      <w n="3-14">
        <text>DCCC</text>
        <refs nrefs="1-28"/>
      </w>
      <w n="3-15">
        <text>.</text>
      </w>
      <w n="3-16">
        <text>ad</text>
        <refs nrefs="1-30"/>
      </w>
      <w n="3-17">
        <text>Chium</text>
        <refs nrefs="1-31"/>
      </w>
      <w n="3-18">
        <text>stadia</text>
        <refs nrefs="1-32"/>
      </w>
      <w n="4-1">
        <text>DCCL</text>
        <refs nrefs="1-33"/>
      </w>
      <w n="4-2">
        <text>.</text>
      </w>
      <w n="4-3">
        <text>ad</text>
        <refs nrefs="1-35"/>
      </w>
      <w n="4-4">
        <text>Mitÿlenen</text>
        <refs nrefs="1-36"/>
      </w>
      <w n="4-5">
        <text>stadia</text>
        <refs nrefs="1-37"/>
      </w>
      <w n="4-6">
        <text>DXX</text>
        <refs nrefs="1-38"/>
      </w>
      <w n="4-7">
        <text>.</text>
      </w>
      <w n="4-8">
        <text>ad</text>
        <refs nrefs="1-40"/>
      </w>
      <w n="4-9">
        <text>Tenedum</text>
        <refs nrefs="1-41"/>
      </w>
      <w n="4-10">
        <text>CCCL</text>
        <refs nrefs="1-43"/>
      </w>
      <w n="4-11">
        <text>.</text>
      </w>
      <w n="4-12">
        <text>ad</text>
        <refs nrefs="1-45"/>
      </w>
      <w n="4-13">
        <text>Sigeum</text>
        <refs nrefs="1-46"/>
      </w>
      <w n="4-14">
        <text>C.</text>
        <refs nrefs="1-47"/>
      </w>
      <w n="4-15">
        <text>ad</text>
        <refs nrefs="1-49"/>
      </w>
      <w n="4-16">
        <text>ostium</text>
        <refs nrefs="1-50 1-51"/>
      </w>
      <w n="4-17">
        <text>Ponti</text>
        <refs nrefs="1-52"/>
      </w>
      <w n="4-18">
        <text>II</text>
        <refs nrefs="1-53"/>
      </w>
      <w n="4-19">
        <text>M</text>
        <refs nrefs="1-53"/>
      </w>
      <w n="5-1">
        <text>D.</text>
        <refs nrefs="1-53"/>
      </w>
      <w n="5-2">
        <text>ad</text>
        <refs nrefs="1-55"/>
      </w>
      <w n="5-3">
        <text>Carambin</text>
        <refs nrefs="1-56"/>
      </w>
      <w n="5-4">
        <text>II</text>
        <refs nrefs="1-57"/>
      </w>
      <w n="5-5">
        <text>M</text>
        <refs nrefs="1-57"/>
      </w>
      <w n="5-6">
        <text>DCCC</text>
        <refs nrefs="1-57"/>
      </w>
      <w n="5-7">
        <text>.</text>
      </w>
      <w n="5-8">
        <text>ad</text>
        <refs nrefs="1-59"/>
      </w>
      <w n="5-9">
        <text>ostium</text>
        <refs nrefs="1-60"/>
      </w>
      <w n="5-10">
        <text>Maeotidis</text>
        <refs nrefs="1-61"/>
      </w>
      <w n="5-11">
        <text>M</text>
        <refs nrefs="1-62"/>
      </w>
      <w n="5-12">
        <text>D.</text>
        <refs nrefs="1-62"/>
      </w>
      <w n="5-13">
        <text>ad</text>
        <refs nrefs="1-64"/>
      </w>
      <w n="5-14">
        <text>Tanain</text>
        <refs nrefs="1-65"/>
      </w>
      <w n="5-15">
        <text>fluvium</text>
        <refs nrefs="1-66"/>
      </w>
      <w n="5-16">
        <text>II</text>
        <refs nrefs="1-67"/>
      </w>
      <w n="5-17">
        <text>M</text>
        <refs nrefs="1-67"/>
      </w>
      <w n="5-18">
        <text>CC</text>
        <refs nrefs="1-67"/>
      </w>
      <w n="5-19">
        <text>.</text>
      </w>
      <w n="6-1">
        <text>universim</text>
        <refs nrefs="1-69"/>
      </w>
      <w n="6-2">
        <text>ab</text>
        <refs nrefs="1-70"/>
      </w>
      <w n="6-3">
        <text>Alexandria</text>
        <refs nrefs="1-71"/>
      </w>
      <w n="6-4">
        <text>ad</text>
        <refs nrefs="1-72"/>
      </w>
      <w n="6-5">
        <text>Tanain</text>
        <refs nrefs="1-73"/>
      </w>
      <w n="6-6">
        <text>sunt</text>
      </w>
      <w n="6-7">
        <text>stadiorum</text>
        <refs nrefs="1-74"/>
      </w>
      <w n="6-8">
        <text>XIIX</text>
        <refs nrefs="1-76"/>
      </w>
      <w n="6-9">
        <text>M</text>
        <refs nrefs="1-75"/>
      </w>
      <w n="6-10">
        <text>DCXC</text>
        <refs nrefs="1-76"/>
      </w>
      <w n="6-11">
        <text>.</text>
      </w>
    </wds>
  </sentence>
</aligned-text>