<aligned-text xmlns="http://alpheios.net/namespaces/aligned-text">
  <language lnum="L1" xml:lang="grc" dir="ltr"/>
  <language lnum="L2" xml:lang="lat" dir="ltr"/>
  <sentence id="1" document_id="">
    <wds lnum="L1">
      <comment xmlns:ns_1="http://www.w3.org/1999/xlink" class="uri"/>
      <w n="1-1">
        <text>Λοιπὸν</text>
        <refs nrefs="1-1"/>
      </w>
      <w n="1-2">
        <text>δὲ</text>
      </w>
      <w n="1-3">
        <text>ἐροῦμεν</text>
        <refs nrefs="1-7"/>
      </w>
      <w n="1-4">
        <text>τῶν</text>
        <refs nrefs="1-3"/>
      </w>
      <w n="1-5">
        <text>καθ᾿</text>
      </w>
      <w n="1-6">
        <text>ἡμᾶς</text>
      </w>
      <w n="1-7">
        <text>νήσων</text>
        <refs nrefs="1-3"/>
      </w>
      <w n="1-8">
        <text>τὰς</text>
        <refs nrefs="1-6"/>
      </w>
      <w n="1-9">
        <text>περιμέτρους</text>
        <refs nrefs="1-6"/>
      </w>
      <w n="1-10">
        <text>λαβόντες</text>
        <refs nrefs="1-8"/>
      </w>
      <w n="1-11">
        <text>παρὰ</text>
        <refs nrefs="1-9"/>
      </w>
      <w n="1-12">
        <text>Ἀρτεμιδώρου</text>
        <refs nrefs="1-10"/>
      </w>
      <w n="1-13">
        <text>καὶ</text>
        <refs nrefs="1-11"/>
      </w>
      <w n="1-14">
        <text>Μενίππου</text>
        <refs nrefs="1-12"/>
      </w>
      <w n="1-15">
        <text>καὶ</text>
      </w>
      <w n="1-16">
        <text>ἑτέρων</text>
        <refs nrefs="1-13"/>
      </w>
      <w n="1-17">
        <text>ἀξιοπίστων</text>
        <refs nrefs="1-14 1-15"/>
      </w>
      <w n="1-18">
        <text>.</text>
      </w>
      <w n="2-1">
        <text>Γάδειρα</text>
        <refs nrefs="2-1"/>
      </w>
      <w n="2-2">
        <text>μῆκος</text>
        <refs nrefs="2-2"/>
      </w>
      <w n="2-3">
        <text>σταδίων</text>
        <refs nrefs="2-6"/>
      </w>
      <w n="2-4">
        <text>ρηˊ</text>
        <refs nrefs="2-4 2-5"/>
      </w>
      <w n="2-5">
        <text>,</text>
      </w>
      <w n="2-6">
        <text>πλάτος</text>
        <refs nrefs="3-1"/>
      </w>
      <w n="2-7">
        <text>σταδίων</text>
      </w>
      <w n="2-8">
        <text>ιϚˊ</text>
      </w>
      <w n="2-9">
        <text>·</text>
      </w>
      <w n="2-10">
        <text>ὁ</text>
        <refs nrefs="3-4"/>
      </w>
      <w n="2-11">
        <text>δὲ</text>
      </w>
      <w n="2-12">
        <text>καθ᾿</text>
        <refs nrefs="3-5"/>
      </w>
      <w n="2-13">
        <text>Ἡρακλείους</text>
        <refs nrefs="3-6"/>
      </w>
      <w n="2-14">
        <text>στήλας</text>
        <refs nrefs="3-7"/>
      </w>
      <w n="2-15">
        <text>πορθμὸς</text>
        <refs nrefs="3-4"/>
      </w>
      <w n="2-16">
        <text>στενότατος</text>
        <refs nrefs="3-9"/>
      </w>
      <w n="2-17">
        <text>ἐστὶ</text>
        <refs nrefs="3-10"/>
      </w>
      <w n="2-18">
        <text>σταδίων</text>
        <refs nrefs="3-12"/>
      </w>
      <w n="2-19">
        <text>πˊ</text>
      </w>
      <w n="2-20">
        <text>.</text>
      </w>
      <w n="3-1">
        <text>ἐν</text>
        <refs nrefs="3-15"/>
      </w>
      <w n="3-2">
        <text>δὲ</text>
        <refs nrefs="3-17"/>
      </w>
      <w n="3-3">
        <text>τῷ</text>
        <refs nrefs="3-18"/>
      </w>
      <w n="3-4">
        <text>Ἰβηρικῷ</text>
        <refs nrefs="3-16"/>
      </w>
      <w n="3-5">
        <text>πελάγει</text>
        <refs nrefs="3-18"/>
      </w>
      <w n="3-6">
        <text>νῆσοι</text>
        <refs nrefs="3-19"/>
      </w>
      <w n="3-7">
        <text>πιτύουσα</text>
        <refs nrefs="3-21"/>
      </w>
      <w n="3-8">
        <text>ἡ</text>
        <refs nrefs="3-22"/>
      </w>
      <w n="3-9">
        <text>μείζων</text>
        <refs nrefs="3-22"/>
      </w>
      <w n="3-10">
        <text>καὶ</text>
      </w>
      <w n="3-11">
        <text>οἰκουμένη</text>
        <refs nrefs="3-23 3-24"/>
      </w>
      <w n="3-12">
        <text>σταδίων</text>
        <refs nrefs="3-26"/>
      </w>
      <w n="3-13">
        <text>τῷ</text>
        <refs nrefs="3-25"/>
      </w>
      <w n="3-14">
        <text>μῆκος</text>
        <refs nrefs="3-25"/>
      </w>
      <w n="3-15">
        <text>·</text>
      </w>
      <w n="3-16">
        <text>ἡ</text>
        <refs nrefs="4-1"/>
      </w>
      <w n="3-17">
        <text>δὲ</text>
        <refs nrefs="4-2"/>
      </w>
      <w n="3-18">
        <text>ἐλάττων</text>
        <refs nrefs="4-1"/>
      </w>
      <w n="3-19">
        <text>στάδια</text>
        <refs nrefs="4-3"/>
      </w>
      <w n="3-20">
        <text>ρˊ</text>
        <refs nrefs="4-4"/>
      </w>
      <w n="3-21">
        <text>.</text>
      </w>
      <w n="4-1">
        <text>τῶν</text>
        <refs nrefs="4-5"/>
      </w>
      <w n="4-2">
        <text>δὲ</text>
        <refs nrefs="4-6"/>
      </w>
      <w n="4-3">
        <text>Γυμνασίων</text>
        <refs nrefs="4-5"/>
      </w>
      <w n="4-4">
        <text>ἃς</text>
        <refs nrefs="4-7"/>
      </w>
      <w n="4-5">
        <text>Καρχηδόνιοι</text>
        <refs nrefs="4-8"/>
      </w>
      <w n="4-6">
        <text>Βαλιαρίας</text>
        <refs nrefs="4-9"/>
      </w>
      <w n="4-7">
        <text>καλοῦσιν</text>
        <refs nrefs="4-10"/>
      </w>
      <w n="4-8">
        <text>·</text>
      </w>
      <w n="4-9">
        <text>οἱ</text>
      </w>
      <w n="4-10">
        <text>γὰρ</text>
        <refs nrefs="4-14"/>
      </w>
      <w n="4-11">
        <text>σφενδονηταὶ</text>
      </w>
      <w n="4-12">
        <text>οὕτω</text>
      </w>
      <w n="4-13">
        <text>καλοῦνται</text>
        <refs nrefs="4-16"/>
      </w>
      <w n="4-14">
        <text>οἱ</text>
        <refs nrefs="4-15"/>
      </w>
      <w n="4-15">
        <text>βαλιαρεῖς</text>
        <refs nrefs="4-15"/>
      </w>
      <w n="4-16">
        <text>·</text>
      </w>
      <w n="4-17">
        <text>ἡ</text>
        <refs nrefs="4-18"/>
      </w>
      <w n="4-18">
        <text>μείζων</text>
        <refs nrefs="4-18"/>
      </w>
      <w n="4-19">
        <text>μῆκος</text>
        <refs nrefs="4-20"/>
      </w>
      <w n="4-20">
        <text>σταδίων</text>
        <refs nrefs="4-22"/>
      </w>
      <w n="4-21">
        <text>ˏασˊ</text>
        <refs nrefs="4-23 4-24"/>
      </w>
      <w n="4-22">
        <text>·</text>
      </w>
      <w n="4-23">
        <text>πλάτος</text>
        <refs nrefs="4-26"/>
      </w>
      <w n="4-24">
        <text>σταδίων</text>
        <refs nrefs="4-27"/>
      </w>
      <w n="4-25">
        <text>υˊ</text>
        <refs nrefs="4-28"/>
      </w>
      <w n="4-26">
        <text>·</text>
      </w>
      <w n="4-27">
        <text>ἡ</text>
        <refs nrefs="4-30"/>
      </w>
      <w n="4-28">
        <text>ἐλάττων</text>
        <refs nrefs="4-30"/>
      </w>
      <w n="4-29">
        <text>σταδίων</text>
        <refs nrefs="4-32"/>
      </w>
      <w n="4-30">
        <text>τˊ</text>
        <refs nrefs="4-33"/>
      </w>
      <w n="4-31">
        <text>.</text>
      </w>
      <w n="5-1">
        <text>αἱ</text>
        <refs nrefs="5-1"/>
      </w>
      <w n="5-2">
        <text>δὲ</text>
        <refs nrefs="5-2"/>
      </w>
      <w n="5-3">
        <text>Στοίχαδες</text>
        <refs nrefs="5-1"/>
      </w>
      <w n="5-4">
        <text>αἱ</text>
        <refs nrefs="5-8"/>
      </w>
      <w n="5-5">
        <text>φερώνυμοι</text>
        <refs nrefs="5-8"/>
      </w>
      <w n="5-6">
        <text>ἑξῆς</text>
        <refs nrefs="5-10"/>
      </w>
      <w n="5-7">
        <text>ἐπ᾿</text>
      </w>
      <w n="5-8">
        <text>εὐθείας</text>
      </w>
      <w n="5-9">
        <text>κεῖνται</text>
        <refs nrefs="5-13"/>
      </w>
      <w n="5-10">
        <text>πρὸ</text>
      </w>
      <w n="5-11">
        <text>τῶν</text>
      </w>
      <w n="5-12">
        <text>Μασσαλιακῶν</text>
        <refs nrefs="5-11"/>
      </w>
      <w n="5-13">
        <text>πόλεων</text>
        <refs nrefs="5-12"/>
      </w>
      <w n="5-14">
        <text>·</text>
      </w>
      <w n="5-15">
        <text>αἱ</text>
        <refs nrefs="6-1"/>
      </w>
      <w n="5-16">
        <text>μὲν</text>
        <refs nrefs="6-2"/>
      </w>
      <w n="5-17">
        <text>μείζους</text>
        <refs nrefs="6-1"/>
      </w>
      <w n="5-18">
        <text>τρεῖς</text>
        <refs nrefs="6-3"/>
      </w>
      <w n="5-19">
        <text>·</text>
      </w>
      <w n="5-20">
        <text>δύο</text>
        <refs nrefs="7-1"/>
      </w>
      <w n="5-21">
        <text>δὲ</text>
        <refs nrefs="7-2"/>
      </w>
      <w n="5-22">
        <text>μικραὶ</text>
        <refs nrefs="7-3"/>
      </w>
      <w n="5-23">
        <text>αὐτῆς</text>
        <refs nrefs="7-5"/>
      </w>
      <w n="5-24">
        <text>ἐγγὺς</text>
        <refs nrefs="7-4"/>
      </w>
      <w n="5-25">
        <text>Μασσαλίας</text>
        <refs nrefs="7-6"/>
      </w>
      <w n="5-26">
        <text>·</text>
      </w>
      <w n="5-27">
        <text>ἡ</text>
        <refs nrefs="8-1"/>
      </w>
      <w n="5-28">
        <text>δὲ</text>
      </w>
      <w n="5-29">
        <text>Σαρδῶ</text>
        <refs nrefs="8-1"/>
      </w>
      <w n="5-30">
        <text>ἔχει</text>
        <refs nrefs="8-6"/>
      </w>
      <w n="5-31">
        <text>σχῆμα</text>
        <refs nrefs="8-2"/>
      </w>
      <w n="5-32">
        <text>ὡς</text>
      </w>
      <w n="5-33">
        <text>ποδὸς</text>
        <refs nrefs="8-4"/>
      </w>
      <w n="5-34">
        <text>ἰχνὸς</text>
        <refs nrefs="8-3"/>
      </w>
      <w n="5-35">
        <text>,</text>
      </w>
      <w n="5-36">
        <text>μεσόκοιλος</text>
        <refs nrefs="8-7 8-8 8-11"/>
      </w>
      <w n="5-37">
        <text>·</text>
      </w>
      <w n="5-38">
        <text>τὸ</text>
        <refs nrefs="8-13"/>
      </w>
      <w n="5-39">
        <text>μῆκος</text>
        <refs nrefs="8-13"/>
      </w>
      <w n="5-40">
        <text>ˏβσˊ</text>
        <refs nrefs="8-15 8-16 8-17"/>
      </w>
      <w n="5-41">
        <text>·</text>
      </w>
      <w n="5-42">
        <text>Κύρνος</text>
        <refs nrefs="9-1"/>
      </w>
      <w n="5-43">
        <text>ἐγγὺς</text>
        <refs nrefs="9-3"/>
      </w>
      <w n="5-44">
        <text>Σαρδοῦς</text>
        <refs nrefs="9-2"/>
      </w>
      <w n="5-45">
        <text>,</text>
      </w>
      <w n="5-46">
        <text>πολλῷ</text>
        <refs nrefs="9-5"/>
      </w>
      <w n="5-47">
        <text>δὲ</text>
        <refs nrefs="9-4"/>
      </w>
      <w n="5-48">
        <text>ἀγεννεστέρα</text>
        <refs nrefs="9-6 9-7"/>
      </w>
      <w n="5-49">
        <text>,</text>
      </w>
      <w n="5-50">
        <text>ἔλαττον</text>
        <refs nrefs="9-12"/>
      </w>
      <w n="5-51">
        <text>ἢ</text>
      </w>
      <w n="5-52">
        <text>ἤμισυ</text>
        <refs nrefs="9-10"/>
      </w>
      <w n="5-53">
        <text>τοῦ</text>
        <refs nrefs="9-11"/>
      </w>
      <w n="5-54">
        <text>Σαρδοῦς</text>
        <refs nrefs="9-11"/>
      </w>
      <w n="5-55">
        <text>μήκους</text>
      </w>
      <w n="5-56">
        <text>ἔχει</text>
      </w>
      <w n="5-57">
        <text>.</text>
      </w>
      <w n="6-1">
        <text>ἀφετήριον</text>
      </w>
      <w n="6-2">
        <text>δ᾿</text>
      </w>
      <w n="6-3">
        <text>ἐς</text>
        <refs nrefs="10-8"/>
      </w>
      <w n="6-4">
        <text>Σαρδὼ</text>
        <refs nrefs="10-9"/>
      </w>
      <w n="6-5">
        <text>καὶ</text>
        <refs nrefs="10-10"/>
      </w>
      <w n="6-6">
        <text>Κύρνον</text>
        <refs nrefs="10-11"/>
      </w>
      <w n="6-7">
        <text>Ποπουλώνιον</text>
        <refs nrefs="10-5"/>
      </w>
      <w n="6-8">
        <text>τῆς</text>
        <refs nrefs="10-6"/>
      </w>
      <w n="6-9">
        <text>Τυρσηνίας</text>
        <refs nrefs="10-6"/>
      </w>
      <w n="6-10">
        <text>·</text>
      </w>
      <w n="6-11">
        <text>τὸ</text>
        <refs nrefs="11-1"/>
      </w>
      <w n="6-12">
        <text>δὲ</text>
        <refs nrefs="11-2"/>
      </w>
      <w n="6-13">
        <text>δίαρμα</text>
        <refs nrefs="11-1"/>
      </w>
      <w n="6-14">
        <text>σταδίων</text>
        <refs nrefs="11-6"/>
      </w>
      <w n="6-15">
        <text>ˏβσˊ</text>
        <refs nrefs="11-3 11-4 11-5"/>
      </w>
      <w n="6-16">
        <text>.</text>
      </w>
      <w n="7-1">
        <text>τῆς</text>
        <refs nrefs="12-1"/>
      </w>
      <w n="7-2">
        <text>Σικελίας</text>
        <refs nrefs="12-1"/>
      </w>
      <w n="7-3">
        <text>κατὰ</text>
        <refs nrefs="12-3"/>
      </w>
      <w n="7-4">
        <text>Τιμοσθένην</text>
        <refs nrefs="12-4"/>
      </w>
      <w n="7-5">
        <text>περίμετρος</text>
        <refs nrefs="12-2"/>
      </w>
      <w n="7-6">
        <text>σταδίων</text>
        <refs nrefs="12-5"/>
      </w>
      <w n="7-7">
        <text>ψμˊ</text>
        <refs nrefs="12-7 12-8"/>
      </w>
      <w n="7-8">
        <text>·</text>
      </w>
      <w n="7-9">
        <text>σχῆμα</text>
        <refs nrefs="12-10"/>
      </w>
      <w n="7-10">
        <text>τρίγωνον</text>
        <refs nrefs="12-11"/>
      </w>
      <w n="7-11">
        <text>σκαληνοειδές</text>
        <refs nrefs="12-12 12-13"/>
      </w>
      <w n="7-12">
        <text>.</text>
      </w>
      <w n="8-1">
        <text>δίαρμα</text>
        <refs nrefs="13-1"/>
      </w>
      <w n="8-2">
        <text>δ᾿</text>
        <refs nrefs="13-2"/>
      </w>
      <w n="8-3">
        <text>ἔχει</text>
        <refs nrefs="13-3"/>
      </w>
      <w n="8-4">
        <text>ἀπὸ</text>
        <refs nrefs="13-4"/>
      </w>
      <w n="8-5">
        <text>Πελώρου</text>
        <refs nrefs="13-5"/>
      </w>
      <w n="8-6">
        <text>ἄκρου</text>
        <refs nrefs="13-6"/>
      </w>
      <w n="8-7">
        <text>εἰς</text>
        <refs nrefs="13-7"/>
      </w>
      <w n="8-8">
        <text>Ἰταλίαν</text>
        <refs nrefs="13-8"/>
      </w>
      <w n="8-9">
        <text>σταδίων</text>
        <refs nrefs="13-10"/>
      </w>
      <w n="8-10">
        <text>ιαˊ</text>
        <refs nrefs="13-9"/>
      </w>
      <w n="8-11">
        <text>.</text>
        <comment class="mark">??</comment>
      </w>
      <w n="9-1">
        <text>πορθμῶν</text>
        <refs nrefs="13-11 13-12"/>
      </w>
      <w n="9-2">
        <text>πλευρὰ</text>
        <refs nrefs="14-1"/>
      </w>
      <w n="9-3">
        <text>νήσου</text>
        <refs nrefs="14-2"/>
      </w>
      <w n="9-4">
        <text>ἀπὸ</text>
        <refs nrefs="14-3"/>
      </w>
      <w n="9-5">
        <text>Πελώρου</text>
        <refs nrefs="14-4"/>
      </w>
      <w n="9-6">
        <text>εἰς</text>
        <refs nrefs="14-5"/>
      </w>
      <w n="9-7">
        <text>Πάχυνον</text>
        <refs nrefs="14-6"/>
      </w>
      <w n="9-8">
        <text>στάδια</text>
        <refs nrefs="14-7"/>
      </w>
      <w n="9-9">
        <text>ˏατξˊ</text>
        <comment class="mark">1,370</comment>
        <refs nrefs="14-9"/>
      </w>
      <w n="9-10">
        <text>·</text>
      </w>
      <w n="9-11">
        <text>ἀπὸ</text>
        <refs nrefs="14-11"/>
      </w>
      <w n="9-12">
        <text>Παχύνου</text>
        <refs nrefs="14-12"/>
      </w>
      <w n="9-13">
        <text>εἰς</text>
        <refs nrefs="14-13"/>
      </w>
      <w n="9-14">
        <text>Λιλύβαιον</text>
        <refs nrefs="14-14"/>
      </w>
      <w n="9-15">
        <text>στάδια</text>
      </w>
      <w n="9-16">
        <text>ˏαχˊ</text>
        <comment class="mark">1,600</comment>
        <refs nrefs="14-15"/>
      </w>
      <w n="9-17">
        <text>·</text>
      </w>
      <w n="9-18">
        <text>κατὰ</text>
        <refs nrefs="14-17"/>
      </w>
      <w n="9-19">
        <text>Τιμοσθένην</text>
        <refs nrefs="14-18"/>
      </w>
      <w n="9-20">
        <text>ἀπὸ</text>
        <refs nrefs="14-19"/>
      </w>
      <w n="9-21">
        <text>Λιλυβαίου</text>
        <refs nrefs="14-20"/>
      </w>
      <w n="9-22">
        <text>εἰς</text>
        <refs nrefs="14-21"/>
      </w>
      <w n="9-23">
        <text>Πελωριάδα</text>
        <refs nrefs="14-22"/>
      </w>
      <w n="9-24">
        <text>στάδια</text>
        <refs nrefs="14-23"/>
      </w>
      <w n="9-25">
        <text>ˏαψˊ</text>
        <comment class="mark">1,700</comment>
        <refs nrefs="14-24 14-25"/>
      </w>
      <w n="9-26">
        <text>·</text>
      </w>
      <w n="9-27">
        <text>ἀπὸ</text>
        <refs nrefs="14-28"/>
      </w>
      <w n="9-28">
        <text>Λιλυβαίου</text>
        <refs nrefs="14-29"/>
      </w>
      <w n="9-29">
        <text>διάπλους</text>
        <refs nrefs="14-27"/>
      </w>
      <w n="9-30">
        <text>εἰς</text>
        <refs nrefs="14-30"/>
      </w>
      <w n="9-31">
        <text>ἀσπίδα</text>
        <refs nrefs="14-31"/>
      </w>
      <w n="9-32">
        <text>τῆς</text>
        <refs nrefs="14-32"/>
      </w>
      <w n="9-33">
        <text>Λιβύης</text>
        <refs nrefs="14-32"/>
      </w>
      <w n="9-34">
        <text>ἐγγὺς</text>
        <refs nrefs="14-34"/>
      </w>
      <w n="9-35">
        <text>στάδια</text>
        <refs nrefs="14-33"/>
      </w>
      <w n="9-36">
        <text>ˏαχˊ</text>
        <comment class="mark">1,600</comment>
        <refs nrefs="14-35 14-36"/>
      </w>
      <w n="9-37">
        <text>.</text>
      </w>
    </wds>
    <wds lnum="L2">
      <comment xmlns:ns_1="http://www.w3.org/1999/xlink" class="uri"/>
      <w n="1-1">
        <text>Deinceps</text>
        <refs nrefs="1-1"/>
      </w>
      <w n="1-2">
        <text>iam</text>
      </w>
      <w n="1-3">
        <text>insularum</text>
        <refs nrefs="1-4 1-7"/>
      </w>
      <w n="1-4">
        <text>nostri</text>
      </w>
      <w n="1-5">
        <text>maris</text>
      </w>
      <w n="1-6">
        <text>ambitus</text>
        <refs nrefs="1-8 1-9"/>
      </w>
      <w n="1-7">
        <text>exponemus</text>
        <refs nrefs="1-3"/>
      </w>
      <w n="1-8">
        <text>desumtos</text>
        <refs nrefs="1-10"/>
      </w>
      <w n="1-9">
        <text>ex</text>
        <refs nrefs="1-11"/>
      </w>
      <w n="1-10">
        <text>Artemidoro</text>
        <refs nrefs="1-12"/>
      </w>
      <w n="1-11">
        <text>et</text>
        <refs nrefs="1-13"/>
      </w>
      <w n="1-12">
        <text>Menippo</text>
        <refs nrefs="1-14"/>
      </w>
      <w n="1-13">
        <text>alijs</text>
        <refs nrefs="1-16"/>
      </w>
      <w n="1-14">
        <text>ﬁde</text>
        <refs nrefs="1-17"/>
      </w>
      <w n="1-15">
        <text>dignis</text>
        <refs nrefs="1-17"/>
      </w>
      <w n="1-16">
        <text>auctoribus</text>
      </w>
      <w n="1-17">
        <text>.</text>
      </w>
      <w n="2-1">
        <text>Gades</text>
        <refs nrefs="2-1"/>
      </w>
      <w n="2-2">
        <text>longitudinem</text>
        <refs nrefs="2-2"/>
      </w>
      <w n="2-3">
        <text>habent</text>
      </w>
      <w n="2-4">
        <text>C</text>
        <refs nrefs="2-4"/>
      </w>
      <w n="2-5">
        <text>VIII</text>
        <refs nrefs="2-4"/>
      </w>
      <w n="2-6">
        <text>stadiorum</text>
        <refs nrefs="2-3"/>
      </w>
      <w n="2-7">
        <text>:</text>
      </w>
      <w n="3-1">
        <text>latitudinem</text>
        <refs nrefs="2-6"/>
      </w>
      <w n="3-2">
        <text>XVIII</text>
      </w>
      <w n="3-3">
        <text>.</text>
      </w>
      <w n="3-4">
        <text>fretum</text>
        <refs nrefs="2-10 2-15"/>
      </w>
      <w n="3-5">
        <text>ad</text>
        <refs nrefs="2-12"/>
      </w>
      <w n="3-6">
        <text>Herculis</text>
        <refs nrefs="2-13"/>
      </w>
      <w n="3-7">
        <text>columnas</text>
        <refs nrefs="2-14"/>
      </w>
      <w n="3-8">
        <text>ubi</text>
      </w>
      <w n="3-9">
        <text>angustissimum</text>
        <refs nrefs="2-16"/>
      </w>
      <w n="3-10">
        <text>est</text>
        <refs nrefs="2-17"/>
      </w>
      <w n="3-11">
        <text>patet</text>
      </w>
      <w n="3-12">
        <text>stadia</text>
        <refs nrefs="2-18"/>
      </w>
      <w n="3-13">
        <text>LXX</text>
      </w>
      <w n="3-14">
        <text>.</text>
      </w>
      <w n="3-15">
        <text>in</text>
        <refs nrefs="3-1"/>
      </w>
      <w n="3-16">
        <text>Iberico</text>
        <refs nrefs="3-4"/>
      </w>
      <w n="3-17">
        <text>autem</text>
        <refs nrefs="3-2"/>
      </w>
      <w n="3-18">
        <text>mari</text>
        <refs nrefs="3-3 3-5"/>
      </w>
      <w n="3-19">
        <text>insulae</text>
        <refs nrefs="3-6"/>
      </w>
      <w n="3-20">
        <text>sunt</text>
      </w>
      <w n="3-21">
        <text>Pitÿusa</text>
        <refs nrefs="3-7"/>
      </w>
      <w n="3-22">
        <text>major</text>
        <refs nrefs="3-8 3-9"/>
      </w>
      <w n="3-23">
        <text>quae</text>
        <refs nrefs="3-11"/>
      </w>
      <w n="3-24">
        <text>habitatur</text>
        <refs nrefs="3-11"/>
      </w>
      <w n="3-25">
        <text>longitudinis</text>
        <refs nrefs="3-13 3-14"/>
      </w>
      <w n="3-26">
        <text>stadiorum</text>
        <refs nrefs="3-12"/>
      </w>
      <w n="3-27">
        <text>:</text>
      </w>
      <w n="4-1">
        <text>minor</text>
        <refs nrefs="3-16 3-18"/>
      </w>
      <w n="4-2">
        <text>autem</text>
        <refs nrefs="3-17"/>
      </w>
      <w n="4-3">
        <text>stadiorum</text>
        <refs nrefs="3-19"/>
      </w>
      <w n="4-4">
        <text>C.</text>
        <refs nrefs="3-20"/>
      </w>
      <w n="4-5">
        <text>Gÿmnesiarum</text>
        <refs nrefs="4-1 4-3"/>
      </w>
      <w n="4-6">
        <text>vero</text>
        <refs nrefs="4-2"/>
      </w>
      <w n="4-7">
        <text>quas</text>
        <refs nrefs="4-4"/>
      </w>
      <w n="4-8">
        <text>Carthaginenses</text>
        <refs nrefs="4-5"/>
      </w>
      <w n="4-9">
        <text>Balearias</text>
        <refs nrefs="4-6"/>
      </w>
      <w n="4-10">
        <text>appellant</text>
        <comment class="mark">ubi enim post appellant H1</comment>
        <refs nrefs="4-7"/>
      </w>
      <w n="4-11">
        <text>,</text>
      </w>
      <w n="4-12">
        <text>(</text>
      </w>
      <w n="4-13">
        <text>fundatores</text>
      </w>
      <w n="4-14">
        <text>enim</text>
        <refs nrefs="4-10"/>
      </w>
      <w n="4-15">
        <text>Baliares</text>
        <refs nrefs="4-14 4-15"/>
      </w>
      <w n="4-16">
        <text>vocantur</text>
        <refs nrefs="4-13"/>
      </w>
      <w n="4-17">
        <text>)</text>
      </w>
      <w n="4-18">
        <text>major</text>
        <refs nrefs="4-17 4-18"/>
      </w>
      <w n="4-19">
        <text>quidem</text>
      </w>
      <w n="4-20">
        <text>longitudinem</text>
        <refs nrefs="4-19"/>
      </w>
      <w n="4-21">
        <text>obtinet</text>
      </w>
      <w n="4-22">
        <text>stadiorum</text>
        <refs nrefs="4-20"/>
      </w>
      <w n="4-23">
        <text>M</text>
        <refs nrefs="4-21"/>
      </w>
      <w n="4-24">
        <text>CC</text>
        <refs nrefs="4-21"/>
      </w>
      <w n="4-25">
        <text>.</text>
      </w>
      <w n="4-26">
        <text>latitudinem</text>
        <refs nrefs="4-23"/>
      </w>
      <w n="4-27">
        <text>stadiorum</text>
        <refs nrefs="4-24"/>
      </w>
      <w n="4-28">
        <text>CCCC</text>
        <refs nrefs="4-25"/>
      </w>
      <w n="4-29">
        <text>.</text>
      </w>
      <w n="4-30">
        <text>minor</text>
        <refs nrefs="4-27 4-28"/>
      </w>
      <w n="4-31">
        <text>vero</text>
      </w>
      <w n="4-32">
        <text>stadiorum</text>
        <refs nrefs="4-29"/>
      </w>
      <w n="4-33">
        <text>CCC</text>
        <refs nrefs="4-30"/>
      </w>
      <w n="4-34">
        <text>.</text>
      </w>
      <w n="5-1">
        <text>Stoechades</text>
        <refs nrefs="5-1 5-3"/>
      </w>
      <w n="5-2">
        <text>vero</text>
        <refs nrefs="5-2"/>
      </w>
      <w n="5-3">
        <text>appositae</text>
      </w>
      <w n="5-4">
        <text>ex</text>
      </w>
      <w n="5-5">
        <text>ipsa</text>
      </w>
      <w n="5-6">
        <text>re</text>
      </w>
      <w n="5-7">
        <text>sic</text>
      </w>
      <w n="5-8">
        <text>dicti</text>
        <refs nrefs="5-4 5-5"/>
      </w>
      <w n="5-9">
        <text>deinceps</text>
      </w>
      <w n="5-10">
        <text>ordine</text>
        <refs nrefs="5-6"/>
      </w>
      <w n="5-11">
        <text>Massiliensium</text>
        <refs nrefs="5-12"/>
      </w>
      <w n="5-12">
        <text>oppidis</text>
        <refs nrefs="5-13"/>
      </w>
      <w n="5-13">
        <text>objacent</text>
        <refs nrefs="5-9"/>
      </w>
      <w n="5-14">
        <text>.</text>
      </w>
      <w n="6-1">
        <text>majores</text>
        <refs nrefs="5-15 5-17"/>
      </w>
      <w n="6-2">
        <text>quidem</text>
        <refs nrefs="5-16"/>
      </w>
      <w n="6-3">
        <text>tres</text>
        <refs nrefs="5-18"/>
      </w>
      <w n="6-4">
        <text>:</text>
      </w>
      <w n="7-1">
        <text>duae</text>
        <refs nrefs="5-20"/>
      </w>
      <w n="7-2">
        <text>vero</text>
        <refs nrefs="5-21"/>
      </w>
      <w n="7-3">
        <text>minores</text>
        <refs nrefs="5-22"/>
      </w>
      <w n="7-4">
        <text>props</text>
        <refs nrefs="5-24"/>
      </w>
      <w n="7-5">
        <text>ipsam</text>
        <refs nrefs="5-23"/>
      </w>
      <w n="7-6">
        <text>Massiliam</text>
        <refs nrefs="5-25"/>
      </w>
      <w n="7-7">
        <text>.</text>
      </w>
      <w n="8-1">
        <text>Sardinia</text>
        <refs nrefs="5-27 5-29"/>
      </w>
      <w n="8-2">
        <text>ﬁguram</text>
        <refs nrefs="5-31"/>
      </w>
      <w n="8-3">
        <text>vestigij</text>
        <refs nrefs="5-34"/>
      </w>
      <w n="8-4">
        <text>pedis</text>
        <refs nrefs="5-33"/>
      </w>
      <w n="8-5">
        <text>humani</text>
      </w>
      <w n="8-6">
        <text>obinet</text>
        <refs nrefs="5-30"/>
      </w>
      <w n="8-7">
        <text>medio</text>
        <refs nrefs="5-36"/>
      </w>
      <w n="8-8">
        <text>loco</text>
        <refs nrefs="5-36"/>
      </w>
      <w n="8-9">
        <text>utrinque</text>
      </w>
      <w n="8-10">
        <text>quasi</text>
      </w>
      <w n="8-11">
        <text>excavata</text>
        <refs nrefs="5-36"/>
      </w>
      <w n="8-12">
        <text>,</text>
      </w>
      <w n="8-13">
        <text>longitudine</text>
        <refs nrefs="5-38 5-39"/>
      </w>
      <w n="8-14">
        <text>stadiorum</text>
      </w>
      <w n="8-15">
        <text>II</text>
        <refs nrefs="5-40"/>
      </w>
      <w n="8-16">
        <text>M</text>
        <refs nrefs="5-40"/>
      </w>
      <w n="8-17">
        <text>CC</text>
        <refs nrefs="5-40"/>
      </w>
      <w n="8-18">
        <text>.</text>
      </w>
      <w n="9-1">
        <text>Corsica</text>
        <refs nrefs="5-42"/>
      </w>
      <w n="9-2">
        <text>Sardiniae</text>
        <refs nrefs="5-44"/>
      </w>
      <w n="9-3">
        <text>vicina</text>
        <refs nrefs="5-43"/>
      </w>
      <w n="9-4">
        <text>sed</text>
        <refs nrefs="5-47"/>
      </w>
      <w n="9-5">
        <text>multum</text>
        <refs nrefs="5-46"/>
      </w>
      <w n="9-6">
        <text>fertilitate</text>
        <refs nrefs="5-48"/>
      </w>
      <w n="9-7">
        <text>inferior</text>
        <refs nrefs="5-48"/>
      </w>
      <w n="9-8">
        <text>et</text>
      </w>
      <w n="9-9">
        <text>plusquam</text>
      </w>
      <w n="9-10">
        <text>dimidio</text>
        <refs nrefs="5-52"/>
      </w>
      <w n="9-11">
        <text>Sardiniâ</text>
        <refs nrefs="5-53 5-54"/>
      </w>
      <w n="9-12">
        <text>minor</text>
        <refs nrefs="5-50"/>
      </w>
      <w n="9-13">
        <text>.</text>
      </w>
      <w n="10-1">
        <text>Optime</text>
      </w>
      <w n="10-2">
        <text>autem</text>
      </w>
      <w n="10-3">
        <text>solvitur</text>
      </w>
      <w n="10-4">
        <text>a</text>
      </w>
      <w n="10-5">
        <text>Populonio</text>
        <refs nrefs="6-7"/>
      </w>
      <w n="10-6">
        <text>Etruriae</text>
        <refs nrefs="6-8 6-9"/>
      </w>
      <w n="10-7">
        <text>oppido</text>
      </w>
      <w n="10-8">
        <text>in</text>
        <refs nrefs="6-3"/>
      </w>
      <w n="10-9">
        <text>Sardiniam</text>
        <refs nrefs="6-4"/>
      </w>
      <w n="10-10">
        <text>et</text>
        <refs nrefs="6-5"/>
      </w>
      <w n="10-11">
        <text>Corsicam</text>
        <refs nrefs="6-6"/>
      </w>
      <w n="10-12">
        <text>:</text>
      </w>
      <w n="11-1">
        <text>trajectus</text>
        <refs nrefs="6-11 6-13"/>
      </w>
      <w n="11-2">
        <text>autem</text>
        <refs nrefs="6-12"/>
      </w>
      <w n="11-3">
        <text>II</text>
        <refs nrefs="6-15"/>
      </w>
      <w n="11-4">
        <text>M</text>
        <refs nrefs="6-15"/>
      </w>
      <w n="11-5">
        <text>CC</text>
        <refs nrefs="6-15"/>
      </w>
      <w n="11-6">
        <text>stadiorum</text>
        <refs nrefs="6-14"/>
      </w>
      <w n="11-7">
        <text>est</text>
      </w>
      <w n="11-8">
        <text>.</text>
      </w>
      <w n="12-1">
        <text>Siciliae</text>
        <refs nrefs="7-1 7-2"/>
      </w>
      <w n="12-2">
        <text>ambitus</text>
        <refs nrefs="7-5"/>
      </w>
      <w n="12-3">
        <text>secundum</text>
        <refs nrefs="7-3"/>
      </w>
      <w n="12-4">
        <text>Timosthenem</text>
        <refs nrefs="7-4"/>
      </w>
      <w n="12-5">
        <text>stadiorum</text>
        <refs nrefs="7-6"/>
      </w>
      <w n="12-6">
        <text>est</text>
      </w>
      <w n="12-7">
        <text>DCC</text>
        <refs nrefs="7-7"/>
      </w>
      <w n="12-8">
        <text>XL</text>
        <refs nrefs="7-7"/>
      </w>
      <w n="12-9">
        <text>.</text>
      </w>
      <w n="12-10">
        <text>ﬁgura</text>
        <refs nrefs="7-9"/>
      </w>
      <w n="12-11">
        <text>trianguli</text>
        <refs nrefs="7-10"/>
      </w>
      <w n="12-12">
        <text>inaequalium</text>
        <refs nrefs="7-11"/>
      </w>
      <w n="12-13">
        <text>laterum</text>
        <refs nrefs="7-11"/>
      </w>
      <w n="12-14">
        <text>.</text>
      </w>
      <w n="13-1">
        <text>trajectum</text>
        <refs nrefs="8-1"/>
      </w>
      <w n="13-2">
        <text>autem</text>
        <refs nrefs="8-2"/>
      </w>
      <w n="13-3">
        <text>habet</text>
        <refs nrefs="8-3"/>
      </w>
      <w n="13-4">
        <text>a</text>
        <refs nrefs="8-4"/>
      </w>
      <w n="13-5">
        <text>Peloro</text>
        <refs nrefs="8-5"/>
      </w>
      <w n="13-6">
        <text>promontorio</text>
        <refs nrefs="8-6"/>
      </w>
      <w n="13-7">
        <text>in</text>
        <refs nrefs="8-7"/>
      </w>
      <w n="13-8">
        <text>Italiam</text>
        <refs nrefs="8-8"/>
      </w>
      <w n="13-9">
        <text>XI</text>
        <refs nrefs="8-10"/>
      </w>
      <w n="13-10">
        <text>stadiorum</text>
        <refs nrefs="8-9"/>
      </w>
      <w n="13-11">
        <text>per</text>
        <refs nrefs="9-1"/>
      </w>
      <w n="13-12">
        <text>fretum</text>
        <refs nrefs="9-1"/>
      </w>
      <w n="13-13">
        <text>.</text>
        <comment class="mark">bene Mor.</comment>
      </w>
      <w n="14-1">
        <text>latus</text>
        <refs nrefs="9-2"/>
      </w>
      <w n="14-2">
        <text>insulae</text>
        <refs nrefs="9-3"/>
      </w>
      <w n="14-3">
        <text>a</text>
        <refs nrefs="9-4"/>
      </w>
      <w n="14-4">
        <text>Peloro</text>
        <refs nrefs="9-5"/>
      </w>
      <w n="14-5">
        <text>ad</text>
        <refs nrefs="9-6"/>
      </w>
      <w n="14-6">
        <text>Pachÿnum</text>
        <refs nrefs="9-7"/>
      </w>
      <w n="14-7">
        <text>stadia</text>
        <refs nrefs="9-8"/>
      </w>
      <w n="14-8">
        <text>habet</text>
      </w>
      <w n="14-9">
        <text>MCCCLX</text>
        <refs nrefs="9-9"/>
      </w>
      <w n="14-10">
        <text>.</text>
      </w>
      <w n="14-11">
        <text>a</text>
        <refs nrefs="9-11"/>
      </w>
      <w n="14-12">
        <text>Pachÿno</text>
        <refs nrefs="9-12"/>
      </w>
      <w n="14-13">
        <text>ad</text>
        <refs nrefs="9-13"/>
      </w>
      <w n="14-14">
        <text>Lilÿbaeum</text>
        <refs nrefs="9-14"/>
      </w>
      <w n="14-15">
        <text>MDC</text>
        <refs nrefs="9-16"/>
      </w>
      <w n="14-16">
        <text>.</text>
      </w>
      <w n="14-17">
        <text>secundum</text>
        <refs nrefs="9-18"/>
      </w>
      <w n="14-18">
        <text>Timosthenem</text>
        <refs nrefs="9-19"/>
      </w>
      <w n="14-19">
        <text>a</text>
        <refs nrefs="9-20"/>
      </w>
      <w n="14-20">
        <text>Lilÿbaeo</text>
        <refs nrefs="9-21"/>
      </w>
      <w n="14-21">
        <text>ad</text>
        <refs nrefs="9-22"/>
      </w>
      <w n="14-22">
        <text>Pelorum</text>
        <refs nrefs="9-23"/>
      </w>
      <w n="14-23">
        <text>stadia</text>
        <refs nrefs="9-24"/>
      </w>
      <w n="14-24">
        <text>M</text>
        <refs nrefs="9-25"/>
      </w>
      <w n="14-25">
        <text>DCC</text>
        <refs nrefs="9-25"/>
      </w>
      <w n="14-26">
        <text>.</text>
      </w>
      <w n="14-27">
        <text>trajectus</text>
        <refs nrefs="9-29"/>
      </w>
      <w n="14-28">
        <text>a</text>
        <refs nrefs="9-27"/>
      </w>
      <w n="14-29">
        <text>Lilÿbaeo</text>
        <refs nrefs="9-28"/>
      </w>
      <w n="14-30">
        <text>ad</text>
        <refs nrefs="9-30"/>
      </w>
      <w n="14-31">
        <text>Aspidem</text>
        <refs nrefs="9-31"/>
      </w>
      <w n="14-32">
        <text>Africae</text>
        <refs nrefs="9-32 9-33"/>
      </w>
      <w n="14-33">
        <text>stadia</text>
        <refs nrefs="9-35"/>
      </w>
      <w n="14-34">
        <text>ferme</text>
        <refs nrefs="9-34"/>
      </w>
      <w n="14-35">
        <text>M</text>
        <refs nrefs="9-36"/>
      </w>
      <w n="14-36">
        <text>DC</text>
        <refs nrefs="9-36"/>
      </w>
      <w n="14-37">
        <text>.</text>
      </w>
    </wds>
  </sentence>
</aligned-text>