<aligned-text xmlns="http://alpheios.net/namespaces/aligned-text">
  <language lnum="L1" xml:lang="grc" dir="ltr"/>
  <language lnum="L2" xml:lang="lat" dir="ltr"/>
  <sentence id="1" document_id="">
    <wds lnum="L1">
      <comment xmlns:ns_1="http://www.w3.org/1999/xlink" class="uri"/>
      <w n="1-1">
        <text>5</text>
      </w>
      <w n="1-2">
        <text>.</text>
      </w>
      <w n="2-1">
        <text>Δικαίαρχος</text>
        <refs nrefs="2-1"/>
      </w>
      <w n="2-2">
        <text>δ᾿</text>
        <refs nrefs="2-2"/>
      </w>
      <w n="2-3">
        <text>ὁρίζει</text>
        <refs nrefs="2-4"/>
      </w>
      <w n="2-4">
        <text>τῆν</text>
        <refs nrefs="2-3"/>
      </w>
      <w n="2-5">
        <text>γῆν</text>
        <refs nrefs="2-3"/>
      </w>
      <w n="2-6">
        <text>οὐχ</text>
        <refs nrefs="2-5"/>
      </w>
      <w n="2-7">
        <text>ὕδασιν</text>
        <refs nrefs="2-6"/>
      </w>
      <w n="2-8">
        <text>,</text>
      </w>
      <w n="2-9">
        <text>ἀλλὰ</text>
        <refs nrefs="2-8"/>
      </w>
      <w n="2-10">
        <text>τομῇ</text>
        <refs nrefs="2-9 2-10 2-11"/>
      </w>
      <w n="2-11">
        <text>εὐθείᾳ</text>
        <refs nrefs="2-12"/>
      </w>
      <w n="2-12">
        <text>ἀκράτῳ</text>
      </w>
      <w n="2-13">
        <text>,</text>
      </w>
      <w n="2-14">
        <text>ἀπὸ</text>
        <refs nrefs="2-14"/>
      </w>
      <w n="2-15">
        <text>στηλῶν</text>
        <refs nrefs="2-15 2-16"/>
      </w>
      <w n="2-16">
        <text>διὰ</text>
        <refs nrefs="2-17"/>
      </w>
      <w n="2-17">
        <text>Σαρδοῦς</text>
        <refs nrefs="2-18"/>
      </w>
      <w n="2-18">
        <text>,</text>
      </w>
      <w n="2-19">
        <text>Σικελίας</text>
        <refs nrefs="2-20"/>
      </w>
      <w n="2-20">
        <text>,</text>
      </w>
      <w n="2-21">
        <text>Πελοποννήσου</text>
        <refs nrefs="2-22"/>
      </w>
      <w n="2-22">
        <text>,</text>
      </w>
      <w n="2-23">
        <text>Ἰωνίας</text>
        <refs nrefs="2-24"/>
      </w>
      <w n="2-24">
        <text>,</text>
      </w>
      <w n="2-25">
        <text>Καρίας</text>
        <refs nrefs="2-26"/>
      </w>
      <w n="2-26">
        <text>,</text>
      </w>
      <w n="2-27">
        <text>Λυκίας</text>
        <refs nrefs="2-28"/>
      </w>
      <w n="2-28">
        <text>,</text>
      </w>
      <w n="2-29">
        <text>Παμφυλίας</text>
        <refs nrefs="2-30"/>
      </w>
      <w n="2-30">
        <text>,</text>
      </w>
      <w n="2-31">
        <text>Κιλικίας</text>
        <refs nrefs="2-32"/>
      </w>
      <w n="2-32">
        <text>καὶ</text>
        <refs nrefs="2-33"/>
      </w>
      <w n="2-33">
        <text>Ταύρου</text>
        <refs nrefs="2-34 2-35"/>
      </w>
      <w n="2-34">
        <text>ἑξῆς</text>
        <refs nrefs="2-36"/>
      </w>
      <w n="2-35">
        <text>ἕως</text>
        <refs nrefs="2-37"/>
      </w>
      <w n="2-36">
        <text>Ἱμάου</text>
        <refs nrefs="2-39"/>
      </w>
      <w n="2-37">
        <text>ὄρους</text>
        <refs nrefs="2-38"/>
      </w>
      <w n="2-38">
        <text>.</text>
      </w>
      <w n="3-1">
        <text>τῶν</text>
        <refs nrefs="3-1"/>
      </w>
      <w n="3-2">
        <text>τοίνυν</text>
        <refs nrefs="3-1"/>
      </w>
      <w n="3-3">
        <text>τόπων</text>
        <refs nrefs="3-1"/>
      </w>
      <w n="3-4">
        <text>,</text>
      </w>
      <w n="3-5">
        <text>τὸ</text>
        <refs nrefs="3-2 3-3"/>
      </w>
      <w n="3-6">
        <text>μὲν</text>
        <refs nrefs="3-2 3-3"/>
      </w>
      <w n="3-7">
        <text>Βόρειον</text>
        <refs nrefs="3-4"/>
      </w>
      <w n="3-8">
        <text>,</text>
      </w>
      <w n="3-9">
        <text>τὸ</text>
        <refs nrefs="3-6"/>
      </w>
      <w n="3-10">
        <text>δὲ</text>
        <refs nrefs="3-6"/>
      </w>
      <w n="3-11">
        <text>Νότιον</text>
        <refs nrefs="3-8"/>
      </w>
      <w n="3-12">
        <text>ὀνομάζει</text>
        <refs nrefs="3-9"/>
      </w>
      <w n="3-13">
        <text>.</text>
      </w>
    </wds>
    <wds lnum="L2">
      <comment xmlns:ns_1="http://www.w3.org/1999/xlink" class="uri"/>
      <w n="1-1">
        <text>5</text>
      </w>
      <w n="1-2">
        <text>.</text>
      </w>
      <w n="2-1">
        <text>Dicaearchus</text>
        <refs nrefs="2-1"/>
      </w>
      <w n="2-2">
        <text>autem</text>
        <refs nrefs="2-2"/>
      </w>
      <w n="2-3">
        <text>terram</text>
        <refs nrefs="2-4 2-5"/>
      </w>
      <w n="2-4">
        <text>difﬁnit</text>
        <refs nrefs="2-3"/>
      </w>
      <w n="2-5">
        <text>non</text>
        <refs nrefs="2-6"/>
      </w>
      <w n="2-6">
        <text>aquis</text>
        <refs nrefs="2-7"/>
      </w>
      <w n="2-7">
        <text>,</text>
      </w>
      <w n="2-8">
        <text>sed</text>
        <refs nrefs="2-9"/>
      </w>
      <w n="2-9">
        <text>linea</text>
        <refs nrefs="2-10"/>
      </w>
      <w n="2-10">
        <text>sive</text>
        <refs nrefs="2-10"/>
      </w>
      <w n="2-11">
        <text>sectione</text>
        <refs nrefs="2-10"/>
      </w>
      <w n="2-12">
        <text>recta</text>
        <refs nrefs="2-11"/>
      </w>
      <w n="2-13">
        <text>,</text>
      </w>
      <w n="2-14">
        <text>ab</text>
        <refs nrefs="2-14"/>
      </w>
      <w n="2-15">
        <text>Herculis</text>
        <refs nrefs="2-15"/>
      </w>
      <w n="2-16">
        <text>columnis</text>
        <refs nrefs="2-15"/>
      </w>
      <w n="2-17">
        <text>per</text>
        <refs nrefs="2-16"/>
      </w>
      <w n="2-18">
        <text>Sardiniam</text>
        <refs nrefs="2-17"/>
      </w>
      <w n="2-19">
        <text>,</text>
      </w>
      <w n="2-20">
        <text>Siciliam</text>
        <refs nrefs="2-19"/>
      </w>
      <w n="2-21">
        <text>,</text>
      </w>
      <w n="2-22">
        <text>Peloponnesum</text>
        <refs nrefs="2-21"/>
      </w>
      <w n="2-23">
        <text>,</text>
      </w>
      <w n="2-24">
        <text>Ioniam</text>
        <refs nrefs="2-23"/>
      </w>
      <w n="2-25">
        <text>,</text>
      </w>
      <w n="2-26">
        <text>Cariam</text>
        <refs nrefs="2-25"/>
      </w>
      <w n="2-27">
        <text>,</text>
      </w>
      <w n="2-28">
        <text>Lÿciam</text>
        <refs nrefs="2-27"/>
      </w>
      <w n="2-29">
        <text>,</text>
      </w>
      <w n="2-30">
        <text>Pamphÿliam</text>
        <refs nrefs="2-29"/>
      </w>
      <w n="2-31">
        <text>,</text>
      </w>
      <w n="2-32">
        <text>Ciliciam</text>
        <refs nrefs="2-31"/>
      </w>
      <w n="2-33">
        <text>et</text>
        <refs nrefs="2-32"/>
      </w>
      <w n="2-34">
        <text>Taurum</text>
        <refs nrefs="2-33"/>
      </w>
      <w n="2-35">
        <text>montem</text>
        <refs nrefs="2-33"/>
      </w>
      <w n="2-36">
        <text>usque</text>
        <refs nrefs="2-34"/>
      </w>
      <w n="2-37">
        <text>ad</text>
        <refs nrefs="2-35"/>
      </w>
      <w n="2-38">
        <text>montem</text>
        <refs nrefs="2-37"/>
      </w>
      <w n="2-39">
        <text>Imaum</text>
        <refs nrefs="2-36"/>
      </w>
      <w n="2-40">
        <text>.</text>
      </w>
      <w n="3-1">
        <text>terrarumque</text>
        <refs nrefs="3-1 3-2 3-3"/>
      </w>
      <w n="3-2">
        <text>partem</text>
        <refs nrefs="3-5 3-6"/>
      </w>
      <w n="3-3">
        <text>unam</text>
        <refs nrefs="3-5 3-6"/>
      </w>
      <w n="3-4">
        <text>septentrionalem</text>
        <refs nrefs="3-7"/>
      </w>
      <w n="3-5">
        <text>,</text>
      </w>
      <w n="3-6">
        <text>aliam</text>
        <refs nrefs="3-9 3-10"/>
      </w>
      <w n="3-7">
        <text>vero</text>
      </w>
      <w n="3-8">
        <text>australem</text>
        <refs nrefs="3-11"/>
      </w>
      <w n="3-9">
        <text>vocat</text>
        <refs nrefs="3-12"/>
      </w>
      <w n="3-10">
        <text>.</text>
      </w>
    </wds>
  </sentence>
</aligned-text>