<aligned-text xmlns="http://alpheios.net/namespaces/aligned-text">
  <language lnum="L1" xml:lang="grc" dir="ltr"/>
  <language lnum="L2" xml:lang="grc" dir="ltr"/>
  <sentence id="1" document_id="">
    <wds lnum="L1">
      <comment xmlns:ns_1="http://www.w3.org/1999/xlink" class="uri"/>
      <w n="1-1">
        <text>Ἄνεμοι</text>
        <refs nrefs="1-1"/>
      </w>
      <w n="1-2">
        <text>πνέουσιν</text>
        <refs nrefs="1-3"/>
      </w>
      <w n="1-3">
        <text>ἀπὸ</text>
      </w>
      <w n="1-4">
        <text>ἀνατολῆς</text>
      </w>
      <w n="1-5">
        <text>θερινῆς</text>
        <refs nrefs="3-4"/>
      </w>
      <w n="1-6">
        <text>καικίας</text>
        <refs nrefs="3-6"/>
      </w>
      <w n="1-7">
        <text>,</text>
      </w>
      <w n="1-8">
        <text>μέσης</text>
      </w>
      <w n="1-9">
        <text>,</text>
      </w>
      <w n="1-10">
        <text>ἀπὸ</text>
        <refs nrefs="1-4"/>
      </w>
      <w n="1-11">
        <text>ἀνατολῆς</text>
        <refs nrefs="1-7"/>
      </w>
      <w n="1-12">
        <text>ἰσημερινῆς</text>
        <refs nrefs="1-6"/>
      </w>
      <w n="1-13">
        <text>ἀπηλιώτης</text>
        <refs nrefs="1-9"/>
      </w>
      <w n="1-14">
        <text>,</text>
      </w>
      <w n="1-15">
        <text>ἀπὸ</text>
        <refs nrefs="3-9 3-16"/>
      </w>
      <w n="1-16">
        <text>ἀνατολῆς</text>
        <refs nrefs="3-11"/>
      </w>
      <w n="1-17">
        <text>χειμερινῆς</text>
        <refs nrefs="3-17"/>
      </w>
      <w n="1-18">
        <text>εὖρος</text>
        <refs nrefs="3-19"/>
      </w>
      <w n="1-19">
        <text>,</text>
      </w>
      <w n="1-20">
        <text>ἀπὸ</text>
        <refs nrefs="4-3"/>
      </w>
      <w n="1-21">
        <text>δύσεως</text>
        <refs nrefs="4-5"/>
      </w>
      <w n="1-22">
        <text>χειμερινῆς</text>
        <refs nrefs="4-6"/>
      </w>
      <w n="1-23">
        <text>λίψ</text>
        <refs nrefs="4-8"/>
      </w>
      <w n="1-24">
        <text>,</text>
      </w>
      <w n="1-25">
        <text>ἀπὸ</text>
        <refs nrefs="4-12"/>
      </w>
      <w n="1-26">
        <text>δύσεως</text>
        <refs nrefs="4-13"/>
      </w>
      <w n="1-27">
        <text>ἰσημερινῆς</text>
        <refs nrefs="4-14"/>
      </w>
      <w n="1-28">
        <text>ζέφυρος</text>
        <refs nrefs="4-16"/>
      </w>
      <w n="1-29">
        <text>,</text>
      </w>
      <w n="1-30">
        <text>ἀπὸ</text>
        <refs nrefs="4-17"/>
      </w>
      <w n="1-31">
        <text>δύσεως</text>
        <refs nrefs="4-19"/>
      </w>
      <w n="1-32">
        <text>θερινῆς</text>
        <refs nrefs="4-20"/>
      </w>
      <w n="1-33">
        <text>ἀργέστης</text>
        <refs nrefs="4-22"/>
      </w>
      <w n="1-34">
        <text>ἤτοι</text>
        <refs nrefs="4-23"/>
      </w>
      <w n="1-35">
        <text>Ὀλυμπίας</text>
        <refs nrefs="4-24"/>
      </w>
      <w n="1-36">
        <text>,</text>
      </w>
      <w n="1-37">
        <text>ὁ</text>
      </w>
      <w n="1-38">
        <text>καὶ</text>
      </w>
      <w n="1-39">
        <text>Ἰάπυξ</text>
      </w>
      <w n="1-40">
        <text>καὶ</text>
      </w>
      <w n="1-41">
        <text>ἐργάστης</text>
      </w>
      <w n="1-42">
        <text>.</text>
      </w>
      <w n="2-1">
        <text>Εἶτα</text>
        <refs nrefs="4-25"/>
      </w>
      <w n="2-2">
        <text>νότος</text>
        <refs nrefs="4-26"/>
      </w>
      <w n="2-3">
        <text>καὶ</text>
        <refs nrefs="4-27"/>
      </w>
      <w n="2-4">
        <text>ἀπαρκτίας</text>
        <refs nrefs="4-28"/>
      </w>
      <w n="2-5">
        <text>ἀντιπνέοντες</text>
        <refs nrefs="4-29"/>
      </w>
      <w n="2-6">
        <text>ἀλλήλοις</text>
      </w>
      <w n="2-7">
        <text>.</text>
      </w>
      <w n="3-1">
        <text>Ἔστι</text>
      </w>
      <w n="3-2">
        <text>δὲ</text>
      </w>
      <w n="3-3">
        <text>μέσος</text>
        <refs nrefs="6-11"/>
      </w>
      <w n="3-4">
        <text>ἀπαρκτίου</text>
        <refs nrefs="6-12"/>
      </w>
      <w n="3-5">
        <text>καὶ</text>
        <refs nrefs="6-13"/>
      </w>
      <w n="3-6">
        <text>καικίου</text>
        <refs nrefs="6-14"/>
      </w>
      <w n="3-7">
        <text>βορέας</text>
        <refs nrefs="6-15"/>
      </w>
      <w n="3-8">
        <text>,</text>
      </w>
      <w n="3-9">
        <text>εὔρου</text>
        <refs nrefs="7-1"/>
      </w>
      <w n="3-10">
        <text>δὲ</text>
      </w>
      <w n="3-11">
        <text>καὶ</text>
        <refs nrefs="7-2"/>
      </w>
      <w n="3-12">
        <text>νότου</text>
        <refs nrefs="7-3"/>
      </w>
      <w n="3-13">
        <text>μέσος</text>
      </w>
      <w n="3-14">
        <text>Φοῖνιξ</text>
        <refs nrefs="7-5"/>
      </w>
      <w n="3-15">
        <text>,</text>
      </w>
      <w n="3-16">
        <text>ὁ</text>
      </w>
      <w n="3-17">
        <text>καλούμενος</text>
      </w>
      <w n="3-18">
        <text>εὐρόνοτος</text>
        <refs nrefs="7-8"/>
      </w>
      <w n="3-19">
        <text>,</text>
      </w>
      <w n="3-20">
        <text>μέσος</text>
        <refs nrefs="8-1"/>
      </w>
      <w n="3-21">
        <text>δὲ</text>
        <refs nrefs="8-2"/>
      </w>
      <w n="3-22">
        <text>νότου</text>
        <refs nrefs="8-3"/>
      </w>
      <w n="3-23">
        <text>καὶ</text>
        <refs nrefs="8-4"/>
      </w>
      <w n="3-24">
        <text>λιβὸς</text>
        <refs nrefs="8-5"/>
      </w>
      <w n="3-25">
        <text>λιβόνοτος</text>
        <refs nrefs="8-10"/>
      </w>
      <w n="3-26">
        <text>,</text>
      </w>
      <w n="3-27">
        <text>ὁ</text>
      </w>
      <w n="3-28">
        <text>καὶ</text>
      </w>
      <w n="3-29">
        <text>λευκόνοτος</text>
        <refs nrefs="8-8"/>
      </w>
      <w n="3-30">
        <text>,</text>
      </w>
      <w n="3-31">
        <text>μέσος</text>
        <refs nrefs="9-1"/>
      </w>
      <w n="3-32">
        <text>δὲ</text>
        <refs nrefs="9-2"/>
      </w>
      <w n="3-33">
        <text>ἀπαρκτίου</text>
        <refs nrefs="9-3"/>
      </w>
      <w n="3-34">
        <text>καὶ</text>
        <refs nrefs="9-4"/>
      </w>
      <w n="3-35">
        <text>ἀργέστου</text>
        <refs nrefs="9-5"/>
      </w>
      <w n="3-36">
        <text>θρασκίας</text>
        <refs nrefs="9-7"/>
      </w>
      <w n="3-37">
        <text>ἤτοι</text>
        <refs nrefs="9-8"/>
      </w>
      <w n="3-38">
        <text>κέρκιος</text>
        <refs nrefs="9-9"/>
      </w>
      <w n="3-39">
        <text>ὑπὸ</text>
        <refs nrefs="9-10"/>
      </w>
      <w n="3-40">
        <text>περιοίκων</text>
        <refs nrefs="9-12"/>
      </w>
      <w n="3-41">
        <text>ὀνομαζόμενος</text>
      </w>
      <w n="3-42">
        <text>.</text>
      </w>
      <w n="4-1">
        <text>Εἰσὶν</text>
      </w>
      <w n="4-2">
        <text>οὖν</text>
      </w>
      <w n="4-3">
        <text>οἱ</text>
      </w>
      <w n="4-4">
        <text>πάντες</text>
      </w>
      <w n="4-5">
        <text>ιβ’</text>
      </w>
      <w n="4-6">
        <text>,</text>
      </w>
      <w n="4-7">
        <text>ὧν</text>
      </w>
      <w n="4-8">
        <text>ἡ</text>
      </w>
      <w n="4-9">
        <text>διαγραφή</text>
      </w>
      <w n="4-10">
        <text>ἐστιν</text>
      </w>
      <w n="4-11">
        <text>αὕτη·</text>
      </w>
      <w n="4-12">
        <text>Ἀνατολὴ</text>
      </w>
      <w n="4-13">
        <text>θερινή</text>
      </w>
      <w n="4-14">
        <text>,</text>
      </w>
      <w n="4-15">
        <text>ἀνατολὴ</text>
      </w>
      <w n="4-16">
        <text>ἰσημερινή</text>
      </w>
      <w n="4-17">
        <text>,</text>
      </w>
      <w n="4-18">
        <text>ἀνατολὴ</text>
      </w>
      <w n="4-19">
        <text>χειμερινή</text>
      </w>
      <w n="4-20">
        <text>-</text>
      </w>
      <w n="4-21">
        <text>καικίας</text>
      </w>
      <w n="4-22">
        <text>,</text>
      </w>
      <w n="4-23">
        <text>ἀπηλιώτης</text>
      </w>
      <w n="4-24">
        <text>,</text>
      </w>
      <w n="4-25">
        <text>εὖρος</text>
      </w>
      <w n="4-26">
        <text>,</text>
      </w>
      <w n="4-27">
        <text>μέσης</text>
      </w>
      <w n="4-28">
        <text>,</text>
      </w>
      <w n="4-29">
        <text>εὐρόνοτος</text>
      </w>
      <w n="4-30">
        <text>,</text>
      </w>
      <w n="4-31">
        <text>βορέας</text>
      </w>
      <w n="4-32">
        <text>,</text>
      </w>
      <w n="4-33">
        <text>Φοῖνιξ</text>
      </w>
      <w n="4-34">
        <text>-</text>
      </w>
      <w n="4-35">
        <text>ἄρκτος</text>
      </w>
      <w n="4-36">
        <text>-</text>
      </w>
      <w n="4-37">
        <text>ἀπαρκτίας</text>
      </w>
      <w n="4-38">
        <text>,</text>
      </w>
      <w n="4-39">
        <text>νότος</text>
      </w>
      <w n="4-40">
        <text>–</text>
      </w>
      <w n="4-41">
        <text>μεσημβρία</text>
      </w>
      <w n="4-42">
        <text>–</text>
      </w>
      <w n="4-43">
        <text>θρασκίας</text>
      </w>
      <w n="4-44">
        <text>,</text>
      </w>
      <w n="4-45">
        <text>λιβόνοτος</text>
      </w>
      <w n="4-46">
        <text>,</text>
      </w>
      <w n="4-47">
        <text>μέσης</text>
      </w>
      <w n="4-48">
        <text>,</text>
      </w>
      <w n="4-49">
        <text>λευκόνοτος</text>
      </w>
      <w n="4-50">
        <text>,</text>
      </w>
      <w n="4-51">
        <text>κέρκιος</text>
      </w>
      <w n="4-52">
        <text>,</text>
      </w>
      <w n="4-53">
        <text>λίψ</text>
      </w>
      <w n="4-54">
        <text>–</text>
      </w>
      <w n="4-55">
        <text>δύσις</text>
      </w>
      <w n="4-56">
        <text>θερινή</text>
      </w>
      <w n="4-57">
        <text>-</text>
      </w>
      <w n="4-58">
        <text>ἀργέστης</text>
      </w>
      <w n="4-59">
        <text>–</text>
      </w>
      <w n="4-60">
        <text>δύσις</text>
      </w>
      <w n="4-61">
        <text>χειμερινή</text>
      </w>
      <w n="4-62">
        <text>-</text>
      </w>
      <w n="4-63">
        <text>Ἰάπυξ</text>
      </w>
      <w n="4-64">
        <text>,</text>
      </w>
      <w n="4-65">
        <text>Ὀλυμπίας</text>
      </w>
      <w n="4-66">
        <text>–</text>
      </w>
      <w n="4-67">
        <text>δύσις</text>
      </w>
      <w n="4-68">
        <text>θερινή</text>
      </w>
      <w n="4-69">
        <text>-</text>
      </w>
      <w n="4-70">
        <text>ἐργάστης</text>
      </w>
      <w n="4-71">
        <text>,</text>
      </w>
      <w n="4-72">
        <text>ζέφυρος</text>
      </w>
      <w n="4-73">
        <text>.</text>
      </w>
    </wds>
    <wds lnum="L2">
      <comment xmlns:ns_1="http://www.w3.org/1999/xlink" class="uri"/>
      <w n="1-1">
        <text>ἄνεμοι</text>
        <refs nrefs="1-1"/>
      </w>
      <w n="1-2">
        <text>δὲ</text>
      </w>
      <w n="1-3">
        <text>πνέουσιν</text>
        <refs nrefs="1-2"/>
      </w>
      <w n="1-4">
        <text>ἀπὸ</text>
        <refs nrefs="1-10"/>
      </w>
      <w n="1-5">
        <text>μὲν</text>
      </w>
      <w n="1-6">
        <text>ἰσημερινῆς</text>
        <refs nrefs="1-12"/>
      </w>
      <w n="1-7">
        <text>ἀνατολῆς</text>
        <refs nrefs="1-11"/>
      </w>
      <w n="1-8">
        <text>,</text>
      </w>
      <w n="1-9">
        <text>ἀπηλιώτης·</text>
        <refs nrefs="1-13"/>
      </w>
      <w n="1-10">
        <text>ἀπὸ</text>
      </w>
      <w n="1-11">
        <text>δὲ</text>
      </w>
      <w n="1-12">
        <text>ἰσημερινῆς</text>
      </w>
      <w n="1-13">
        <text>δύσεως</text>
      </w>
      <w n="1-14">
        <text>ζέφυρος·</text>
      </w>
      <w n="1-15">
        <text>ἀπὸ</text>
      </w>
      <w n="1-16">
        <text>δὲ</text>
      </w>
      <w n="1-17">
        <text>μεσημβρίας</text>
      </w>
      <w n="1-18">
        <text>,</text>
      </w>
      <w n="1-19">
        <text>νότος</text>
      </w>
      <w n="1-20">
        <text>.</text>
      </w>
      <w n="2-1">
        <text>ἀπὸ</text>
      </w>
      <w n="2-2">
        <text>δὲ</text>
      </w>
      <w n="2-3">
        <text>ἄρκτου</text>
      </w>
      <w n="2-4">
        <text>,</text>
      </w>
      <w n="2-5">
        <text>ἀπαρκτίας</text>
      </w>
      <w n="2-6">
        <text>.</text>
      </w>
      <w n="3-1">
        <text>ἀπὸ</text>
      </w>
      <w n="3-2">
        <text>δὲ</text>
      </w>
      <w n="3-3">
        <text>τροπῆς</text>
      </w>
      <w n="3-4">
        <text>θερινῆς</text>
        <refs nrefs="1-5"/>
      </w>
      <w n="3-5">
        <text>,</text>
      </w>
      <w n="3-6">
        <text>καικίας·</text>
        <refs nrefs="1-6"/>
      </w>
      <w n="3-7">
        <text>ἑξῆς</text>
      </w>
      <w n="3-8">
        <text>δὲ</text>
      </w>
      <w n="3-9">
        <text>ἀπὸ</text>
        <refs nrefs="1-15"/>
      </w>
      <w n="3-10">
        <text>ἱσημερινῆς</text>
      </w>
      <w n="3-11">
        <text>ἀνατολῆς</text>
        <refs nrefs="1-16"/>
      </w>
      <w n="3-12">
        <text>,</text>
      </w>
      <w n="3-13">
        <text>ἀπηλιώτης</text>
      </w>
      <w n="3-14">
        <text>,</text>
      </w>
      <w n="3-15">
        <text>καὶ</text>
      </w>
      <w n="3-16">
        <text>ἀπὸ</text>
        <refs nrefs="1-15"/>
      </w>
      <w n="3-17">
        <text>χειμερινῆς</text>
        <refs nrefs="1-17"/>
      </w>
      <w n="3-18">
        <text>,</text>
      </w>
      <w n="3-19">
        <text>εὖρος</text>
        <refs nrefs="1-18"/>
      </w>
      <w n="3-20">
        <text>.</text>
      </w>
      <w n="4-1">
        <text>δυσμικοὶ</text>
      </w>
      <w n="4-2">
        <text>δὲ</text>
      </w>
      <w n="4-3">
        <text>ἀπὸ</text>
        <refs nrefs="1-20"/>
      </w>
      <w n="4-4">
        <text>μὲν</text>
      </w>
      <w n="4-5">
        <text>δύσεως</text>
        <refs nrefs="1-21"/>
      </w>
      <w n="4-6">
        <text>χειμερινῆς</text>
        <refs nrefs="1-22"/>
      </w>
      <w n="4-7">
        <text>,</text>
      </w>
      <w n="4-8">
        <text>λίψ·</text>
        <refs nrefs="1-23"/>
      </w>
      <w n="4-9">
        <text>καὶ</text>
      </w>
      <w n="4-10">
        <text>ἑξῆς</text>
      </w>
      <w n="4-11">
        <text>πάλιν</text>
      </w>
      <w n="4-12">
        <text>ἀπὸ</text>
        <refs nrefs="1-25"/>
      </w>
      <w n="4-13">
        <text>δύσεως</text>
        <refs nrefs="1-26"/>
      </w>
      <w n="4-14">
        <text>ἰσημερινῆς</text>
        <refs nrefs="1-27"/>
      </w>
      <w n="4-15">
        <text>,</text>
      </w>
      <w n="4-16">
        <text>ζέφυρος·</text>
        <refs nrefs="1-28"/>
      </w>
      <w n="4-17">
        <text>ἀπὸ</text>
        <refs nrefs="1-30"/>
      </w>
      <w n="4-18">
        <text>δὲ</text>
      </w>
      <w n="4-19">
        <text>δύσεως</text>
        <refs nrefs="1-31"/>
      </w>
      <w n="4-20">
        <text>θερινῆς</text>
        <refs nrefs="1-32"/>
      </w>
      <w n="4-21">
        <text>,</text>
      </w>
      <w n="4-22">
        <text>ἀργέστης·</text>
        <refs nrefs="1-33"/>
      </w>
      <w n="4-23">
        <text>ἤτοι</text>
        <refs nrefs="1-34"/>
      </w>
      <w n="4-24">
        <text>ὀλυμπίας·</text>
        <refs nrefs="1-35"/>
      </w>
      <w n="4-25">
        <text>εἶτα</text>
        <refs nrefs="2-1"/>
      </w>
      <w n="4-26">
        <text>νότος</text>
        <refs nrefs="2-2"/>
      </w>
      <w n="4-27">
        <text>καὶ</text>
        <refs nrefs="2-3"/>
      </w>
      <w n="4-28">
        <text>ἀπαρκτίας</text>
        <refs nrefs="2-4"/>
      </w>
      <w n="4-29">
        <text>ἀντιπνέοντες·</text>
        <refs nrefs="2-5"/>
      </w>
      <w n="4-30">
        <text>γίνονται</text>
      </w>
      <w n="4-31">
        <text>οὖν</text>
      </w>
      <w n="4-32">
        <text>ὀκτώ</text>
      </w>
      <w n="4-33">
        <text>.</text>
      </w>
      <w n="5-1">
        <text>7</text>
      </w>
      <w n="5-2">
        <text>.</text>
      </w>
      <w n="6-1">
        <text>τιμοσθένης</text>
      </w>
      <w n="6-2">
        <text>δὲ</text>
      </w>
      <w n="6-3">
        <text>ὁ</text>
      </w>
      <w n="6-4">
        <text>γράψας</text>
      </w>
      <w n="6-5">
        <text>τοὺς</text>
      </w>
      <w n="6-6">
        <text>περίπλους</text>
      </w>
      <w n="6-7">
        <text>,</text>
      </w>
      <w n="6-8">
        <text>δώδεκά</text>
      </w>
      <w n="6-9">
        <text>φησι</text>
      </w>
      <w n="6-10">
        <text>προστιθεὶς</text>
      </w>
      <w n="6-11">
        <text>μέσον</text>
        <refs nrefs="3-3"/>
      </w>
      <w n="6-12">
        <text>ἀπαρκτίου</text>
        <refs nrefs="3-4"/>
      </w>
      <w n="6-13">
        <text>καὶ</text>
        <refs nrefs="3-5"/>
      </w>
      <w n="6-14">
        <text>καικίου</text>
        <refs nrefs="3-6"/>
      </w>
      <w n="6-15">
        <text>βορέαν</text>
        <refs nrefs="3-7"/>
      </w>
      <w n="6-16">
        <text>.</text>
      </w>
      <w n="7-1">
        <text>εὔρου</text>
        <refs nrefs="3-9"/>
      </w>
      <w n="7-2">
        <text>καὶ</text>
        <refs nrefs="3-11"/>
      </w>
      <w n="7-3">
        <text>νότου</text>
        <refs nrefs="3-12"/>
      </w>
      <w n="7-4">
        <text>,</text>
      </w>
      <w n="7-5">
        <text>φοίνικα</text>
        <refs nrefs="3-14"/>
      </w>
      <w n="7-6">
        <text>τὸν</text>
      </w>
      <w n="7-7">
        <text>καὶ</text>
      </w>
      <w n="7-8">
        <text>εὐρόνοτον</text>
        <refs nrefs="3-18"/>
      </w>
      <w n="7-9">
        <text>.</text>
      </w>
      <w n="8-1">
        <text>μέσον</text>
        <refs nrefs="3-20"/>
      </w>
      <w n="8-2">
        <text>δὲ</text>
        <refs nrefs="3-21"/>
      </w>
      <w n="8-3">
        <text>νότου</text>
        <refs nrefs="3-22"/>
      </w>
      <w n="8-4">
        <text>καὶ</text>
        <refs nrefs="3-23"/>
      </w>
      <w n="8-5">
        <text>λιβὸς</text>
        <refs nrefs="3-24"/>
      </w>
      <w n="8-6">
        <text>,</text>
      </w>
      <w n="8-7">
        <text>τὸν</text>
      </w>
      <w n="8-8">
        <text>λευκόνοτον</text>
        <refs nrefs="3-29"/>
      </w>
      <w n="8-9">
        <text>ἤτοι</text>
      </w>
      <w n="8-10">
        <text>λιβόνοτον</text>
        <refs nrefs="3-25"/>
      </w>
      <w n="8-11">
        <text>.</text>
      </w>
      <w n="9-1">
        <text>μέσον</text>
        <refs nrefs="3-31"/>
      </w>
      <w n="9-2">
        <text>δὲ</text>
        <refs nrefs="3-32"/>
      </w>
      <w n="9-3">
        <text>ἀπαρκτίου</text>
        <refs nrefs="3-33"/>
      </w>
      <w n="9-4">
        <text>καὶ</text>
        <refs nrefs="3-34"/>
      </w>
      <w n="9-5">
        <text>ἀργέστου</text>
        <refs nrefs="3-35"/>
      </w>
      <w n="9-6">
        <text>,</text>
      </w>
      <w n="9-7">
        <text>θρασκίαν</text>
        <refs nrefs="3-36"/>
      </w>
      <w n="9-8">
        <text>ἤτοι</text>
        <refs nrefs="3-37"/>
      </w>
      <w n="9-9">
        <text>κίρκιον</text>
        <refs nrefs="3-38"/>
      </w>
      <w n="9-10">
        <text>ὑπὸ</text>
        <refs nrefs="3-39"/>
      </w>
      <w n="9-11">
        <text>τῶν</text>
      </w>
      <w n="9-12">
        <text>περιοίκων</text>
        <refs nrefs="3-40"/>
      </w>
      <w n="9-13">
        <text>.</text>
      </w>
    </wds>
  </sentence>
</aligned-text>