<aligned-text xmlns="http://alpheios.net/namespaces/aligned-text">
  <language lnum="L1" xml:lang="grc" dir="ltr"/>
  <language lnum="L2" xml:lang="lat" dir="ltr"/>
  <sentence id="1" document_id="">
    <wds lnum="L1">
      <comment xmlns:ns_1="http://www.w3.org/1999/xlink" class="uri"/>
      <w n="1-1">
        <text>Πελοποννήσου</text>
        <refs nrefs="1-1"/>
      </w>
      <w n="1-2">
        <text>δὲ</text>
        <refs nrefs="1-2"/>
      </w>
      <w n="1-3">
        <text>ὁ</text>
        <refs nrefs="1-3"/>
      </w>
      <w n="1-4">
        <text>περίπλους</text>
        <refs nrefs="1-3"/>
      </w>
      <w n="1-5">
        <text>καὶ</text>
        <refs nrefs="1-6"/>
      </w>
      <w n="1-6">
        <text>τῶν</text>
        <refs nrefs="1-7"/>
      </w>
      <w n="1-7">
        <text>κόλπων</text>
        <refs nrefs="1-7"/>
      </w>
      <w n="1-8">
        <text>συμμετρουμένων</text>
        <refs nrefs="1-5"/>
      </w>
      <w n="1-9">
        <text>στάδια</text>
        <refs nrefs="1-8"/>
      </w>
      <w n="1-10">
        <text>ˏεχκζˊ</text>
        <comment class="mark">5,627</comment>
        <refs nrefs="1-10 1-11 1-12 1-13"/>
      </w>
      <w n="1-11">
        <text>,</text>
      </w>
      <w n="1-12">
        <text>χωρὶς</text>
        <refs nrefs="1-16"/>
      </w>
      <w n="1-13">
        <text>δὲ</text>
        <refs nrefs="1-15"/>
      </w>
      <w n="1-14">
        <text>τοῦ</text>
        <refs nrefs="1-17 1-18"/>
      </w>
      <w n="1-15">
        <text>κατακολπίσαι</text>
        <refs nrefs="1-17 1-18"/>
      </w>
      <w n="1-16">
        <text>ὁ</text>
        <refs nrefs="1-19"/>
      </w>
      <w n="1-17">
        <text>περίπλους</text>
        <refs nrefs="1-19"/>
      </w>
      <w n="1-18">
        <text>σταδίων</text>
        <refs nrefs="1-21"/>
      </w>
      <w n="1-19">
        <text>ˏδ</text>
        <comment class="mark">4,000</comment>
        <refs nrefs="1-22 1-23"/>
      </w>
      <w n="1-20">
        <text>.</text>
      </w>
      <w n="2-1">
        <text>μῆκος</text>
        <refs nrefs="2-1"/>
      </w>
      <w n="2-2">
        <text>δὲ</text>
        <refs nrefs="2-2"/>
      </w>
      <w n="2-3">
        <text>ἀπὸ</text>
        <refs nrefs="2-3"/>
      </w>
      <w n="2-4">
        <text>Μαλέας</text>
        <refs nrefs="2-4"/>
      </w>
      <w n="2-5">
        <text>ἕως</text>
        <refs nrefs="2-5"/>
      </w>
      <w n="2-6">
        <text>Αἰγείου</text>
        <comment class="mark">Αἰγαίου H2</comment>
      </w>
      <w n="2-7">
        <text>στάδια</text>
        <refs nrefs="2-7"/>
      </w>
      <w n="2-8">
        <text>ˏανˊ</text>
        <comment class="mark">1,050</comment>
        <refs nrefs="2-8 2-9"/>
      </w>
      <w n="2-9">
        <text>.</text>
      </w>
      <w n="3-1">
        <text>ἔχει</text>
        <refs nrefs="2-11"/>
      </w>
      <w n="3-2">
        <text>δὲ</text>
      </w>
      <w n="3-3">
        <text>ὅμοιον</text>
        <refs nrefs="2-14 2-15"/>
      </w>
      <w n="3-4">
        <text>σχῆμα</text>
        <refs nrefs="2-10"/>
      </w>
      <w n="3-5">
        <text>φύλλῳ</text>
        <refs nrefs="2-12"/>
      </w>
      <w n="3-6">
        <text>πλατάνου</text>
        <refs nrefs="2-13"/>
      </w>
      <w n="3-7">
        <text>,</text>
      </w>
      <w n="3-8">
        <text>κόλποις</text>
        <refs nrefs="2-19"/>
      </w>
      <w n="3-9">
        <text>μεγάλοις</text>
        <refs nrefs="2-17"/>
      </w>
      <w n="3-10">
        <text>τεμνομένη</text>
        <refs nrefs="2-20"/>
      </w>
      <w n="3-11">
        <text>.</text>
      </w>
      <w n="4-1">
        <text>συνάγεται</text>
        <refs nrefs="3-1"/>
      </w>
      <w n="4-2">
        <text>μὲν</text>
        <refs nrefs="3-2"/>
      </w>
      <w n="4-3">
        <text>εἰς</text>
        <refs nrefs="3-3"/>
      </w>
      <w n="4-4">
        <text>τὸν</text>
        <refs nrefs="3-4"/>
      </w>
      <w n="4-5">
        <text>Κορίνθιων</text>
        <refs nrefs="3-5"/>
      </w>
      <w n="4-6">
        <text>ἰσθμὸν</text>
        <refs nrefs="3-4"/>
      </w>
      <w n="4-7">
        <text>,</text>
      </w>
      <w n="4-8">
        <text>πλάτος</text>
        <refs nrefs="4-1"/>
      </w>
      <w n="4-9">
        <text>σταδίω</text>
        <refs nrefs="4-3"/>
      </w>
      <w n="4-10">
        <text>μˊ</text>
        <comment class="mark">40</comment>
        <refs nrefs="4-4"/>
      </w>
      <w n="4-11">
        <text>.</text>
      </w>
      <w n="5-1">
        <text>ἀπὸ</text>
      </w>
      <w n="5-2">
        <text>τοῦ</text>
        <refs nrefs="4-6"/>
      </w>
      <w n="5-3">
        <text>Κορινθίου</text>
        <refs nrefs="4-7"/>
      </w>
      <w n="5-4">
        <text>κόλπου</text>
        <refs nrefs="4-6"/>
      </w>
      <w n="5-5">
        <text>καὶ</text>
        <refs nrefs="4-8"/>
      </w>
      <w n="5-6">
        <text>Σαρωνικοῦ</text>
        <refs nrefs="4-9"/>
      </w>
      <w n="5-7">
        <text>ἐπὶ</text>
        <refs nrefs="4-10"/>
      </w>
      <w n="5-8">
        <text>τὸ</text>
        <refs nrefs="4-12"/>
      </w>
      <w n="5-9">
        <text>Σκύλλαιον</text>
        <refs nrefs="4-11"/>
      </w>
      <w n="5-10">
        <text>ἀκρὸν</text>
        <refs nrefs="4-12"/>
      </w>
      <w n="5-11">
        <text>ἐξ</text>
        <refs nrefs="4-13"/>
      </w>
      <w n="5-12">
        <text>εὐωνύμων</text>
        <refs nrefs="4-14 4-15"/>
      </w>
      <w n="5-13">
        <text>ἔνθα</text>
      </w>
      <w n="5-14">
        <text>πρόκειται</text>
        <refs nrefs="5-5"/>
      </w>
      <w n="5-15">
        <text>νῆσος</text>
        <refs nrefs="5-4"/>
      </w>
      <w n="5-16">
        <text>Καλαυρία</text>
        <refs nrefs="5-3"/>
      </w>
      <w n="5-17">
        <text>Ποσειδῶνος</text>
        <refs nrefs="5-6"/>
      </w>
      <w n="5-18">
        <text>ἱερά</text>
        <refs nrefs="5-7"/>
      </w>
      <w n="5-19">
        <text>.</text>
      </w>
      <w n="6-1">
        <text>ἑξῆς</text>
        <refs nrefs="6-1"/>
      </w>
      <w n="6-2">
        <text>δ᾿</text>
        <refs nrefs="6-2"/>
      </w>
      <w n="6-3">
        <text>ὁ</text>
        <refs nrefs="6-4"/>
      </w>
      <w n="6-4">
        <text>Ἀργολικὸς</text>
        <refs nrefs="6-3"/>
      </w>
      <w n="6-5">
        <text>κόλπος</text>
        <refs nrefs="6-4"/>
      </w>
      <w n="6-6">
        <text>μέχρι</text>
        <refs nrefs="6-6 6-8"/>
      </w>
      <w n="6-7">
        <text>Μαλέας</text>
        <refs nrefs="6-7"/>
      </w>
      <w n="6-8">
        <text>ἄκρου</text>
        <refs nrefs="6-9"/>
      </w>
      <w n="6-9">
        <text>,</text>
      </w>
      <w n="6-10">
        <text>ὃ</text>
        <refs nrefs="6-11"/>
      </w>
      <w n="6-11">
        <text>πολὺ</text>
        <refs nrefs="6-12"/>
      </w>
      <w n="6-12">
        <text>προπέπτωκεν</text>
        <refs nrefs="6-15"/>
      </w>
      <w n="6-13">
        <text>εἰς</text>
        <refs nrefs="6-13"/>
      </w>
      <w n="6-14">
        <text>πέλαγος</text>
        <refs nrefs="6-14"/>
      </w>
      <w n="6-15">
        <text>.</text>
      </w>
      <w n="7-1">
        <text>εἶτα</text>
        <refs nrefs="7-1"/>
      </w>
      <w n="7-2">
        <text>ὁ</text>
        <refs nrefs="7-3"/>
      </w>
      <w n="7-3">
        <text>Ἑρμιονικὸς</text>
        <refs nrefs="7-2"/>
      </w>
      <w n="7-4">
        <text>κόλπος</text>
        <refs nrefs="7-3"/>
      </w>
      <w n="7-5">
        <text>.</text>
      </w>
      <w n="8-1">
        <text>ἑξῆς</text>
      </w>
      <w n="8-2">
        <text>δὲ</text>
        <refs nrefs="8-3"/>
      </w>
      <w n="8-3">
        <text>μετὰ</text>
        <refs nrefs="8-1"/>
      </w>
      <w n="8-4">
        <text>Μαλέαν</text>
        <refs nrefs="8-2"/>
      </w>
      <w n="8-5">
        <text>Λακωνικὸς</text>
        <refs nrefs="8-4"/>
      </w>
      <w n="8-6">
        <text>κόλπος</text>
        <refs nrefs="8-5"/>
      </w>
      <w n="8-7">
        <text>ἕως</text>
        <refs nrefs="8-6"/>
      </w>
      <w n="8-8">
        <text>Ταινάρου</text>
        <refs nrefs="8-7"/>
      </w>
      <w n="8-9">
        <text>ἐκ</text>
        <refs nrefs="8-8"/>
      </w>
      <w n="8-10">
        <text>δεξιῶν</text>
        <refs nrefs="8-9"/>
      </w>
      <w n="8-11">
        <text>·</text>
      </w>
      <w n="8-12">
        <text>ὃ</text>
        <refs nrefs="9-1"/>
      </w>
      <w n="8-13">
        <text>περιορίζει</text>
        <refs nrefs="9-6"/>
      </w>
      <w n="8-14">
        <text>ἐξ</text>
        <refs nrefs="9-2"/>
      </w>
      <w n="8-15">
        <text>εὐωνύμων</text>
        <refs nrefs="9-3"/>
      </w>
      <w n="8-16">
        <text>τὸν</text>
        <refs nrefs="9-5"/>
      </w>
      <w n="8-17">
        <text>Μεσσηνιακὸν</text>
        <refs nrefs="9-4"/>
      </w>
      <w n="8-18">
        <text>κόλπον</text>
        <refs nrefs="9-5"/>
      </w>
      <w n="8-19">
        <text>·</text>
      </w>
      <w n="8-20">
        <text>οὗ</text>
        <refs nrefs="9-8"/>
      </w>
      <w n="8-21">
        <text>ἐκ</text>
      </w>
      <w n="8-22">
        <text>δεξιῶν</text>
        <refs nrefs="9-9 9-10"/>
      </w>
      <w n="8-23">
        <text>Ἀκρίτας</text>
        <refs nrefs="9-11"/>
      </w>
      <w n="8-24">
        <text>ἄκρα</text>
        <refs nrefs="9-12"/>
      </w>
      <w n="8-25">
        <text>.</text>
      </w>
      <w n="9-1">
        <text>εἶτα</text>
        <refs nrefs="9-14"/>
      </w>
      <w n="9-2">
        <text>προπέπτωκεν</text>
        <refs nrefs="9-17"/>
      </w>
      <w n="9-3">
        <text>ἄκρον</text>
        <refs nrefs="9-16"/>
      </w>
      <w n="9-4">
        <text>Ἰχθὺς</text>
        <refs nrefs="9-15"/>
      </w>
      <w n="9-5">
        <text>,</text>
      </w>
      <w n="9-6">
        <text>καθ᾿</text>
        <refs nrefs="9-19"/>
      </w>
      <w n="9-7">
        <text>ὃν</text>
        <refs nrefs="9-20"/>
      </w>
      <w n="9-8">
        <text>κεῖται</text>
        <refs nrefs="9-23"/>
      </w>
      <w n="9-9">
        <text>Ζάκυνθος</text>
        <refs nrefs="9-21"/>
      </w>
      <w n="9-10">
        <text>,</text>
      </w>
      <w n="9-11">
        <text>καὶ</text>
      </w>
      <w n="9-12">
        <text>ἕτερον</text>
        <refs nrefs="9-26"/>
      </w>
      <w n="9-13">
        <text>ὁ</text>
        <refs nrefs="9-28"/>
      </w>
      <w n="9-14">
        <text>Χελωνάτας</text>
        <refs nrefs="9-28"/>
      </w>
      <w n="9-15">
        <text>·</text>
      </w>
      <w n="9-16">
        <text>τελευταῖον</text>
        <refs nrefs="10-1"/>
      </w>
      <w n="9-17">
        <text>δ᾿</text>
        <refs nrefs="10-2"/>
      </w>
      <w n="9-18">
        <text>ἄκρον</text>
        <refs nrefs="10-3"/>
      </w>
      <w n="9-19">
        <text>ἄῤῥαξος</text>
        <refs nrefs="10-4"/>
      </w>
      <w n="9-20">
        <text>ἀντιπρόσωπον</text>
        <refs nrefs="10-5 10-6"/>
      </w>
      <w n="9-21">
        <text>Ἀκαρνανίας</text>
        <refs nrefs="10-7"/>
      </w>
      <w n="9-22">
        <text>μεθ᾿</text>
        <refs nrefs="10-10"/>
      </w>
      <w n="9-23">
        <text>ὃν</text>
        <refs nrefs="10-11"/>
      </w>
      <w n="9-24">
        <text>ὁ</text>
        <refs nrefs="10-13"/>
      </w>
      <w n="9-25">
        <text>Κορινθιακὸς</text>
        <refs nrefs="10-12"/>
      </w>
      <w n="9-26">
        <text>ἀναχεῖται</text>
      </w>
      <w n="9-27">
        <text>κόλπος</text>
        <refs nrefs="10-13"/>
      </w>
      <w n="9-28">
        <text>·</text>
      </w>
      <w n="9-29">
        <text>ζˊ</text>
        <refs nrefs="10-17"/>
      </w>
      <w n="9-30">
        <text>σταδίων</text>
        <refs nrefs="10-18"/>
      </w>
      <w n="9-31">
        <text>συγκλειόμενος</text>
        <refs nrefs="10-20"/>
      </w>
      <w n="9-32">
        <text>στόματι</text>
        <refs nrefs="10-19"/>
      </w>
      <w n="9-33">
        <text>κατὰ</text>
        <refs nrefs="10-21"/>
      </w>
      <w n="9-34">
        <text>τὸ</text>
        <refs nrefs="10-23"/>
      </w>
      <w n="9-35">
        <text>ῥίον</text>
        <refs nrefs="10-22"/>
      </w>
      <w n="9-36">
        <text>ἄκρον</text>
        <refs nrefs="10-23"/>
      </w>
      <w n="9-37">
        <text>,</text>
      </w>
      <w n="9-38">
        <text>ὅ</text>
        <refs nrefs="10-24"/>
      </w>
      <w n="9-39">
        <text>ἐστι</text>
        <refs nrefs="10-25"/>
      </w>
      <w n="9-40">
        <text>τῆς</text>
        <refs nrefs="10-26 10-27"/>
      </w>
      <w n="9-41">
        <text>Πελοποννήσου</text>
        <refs nrefs="10-26 10-27"/>
      </w>
      <w n="9-42">
        <text>τὸ</text>
        <refs nrefs="11-1"/>
      </w>
      <w n="9-43">
        <text>δ᾿</text>
        <refs nrefs="11-2"/>
      </w>
      <w n="9-44">
        <text>Ἀντίῤῥιον</text>
        <refs nrefs="11-1"/>
      </w>
      <w n="9-45">
        <text>Λοκρίδος</text>
        <refs nrefs="11-3"/>
      </w>
      <w n="9-46">
        <text>.</text>
      </w>
      <w n="10-1">
        <text>ἀπὸ</text>
        <refs nrefs="12-1"/>
      </w>
      <w n="10-2">
        <text>Ταινάρου</text>
        <refs nrefs="12-2"/>
      </w>
      <w n="10-3">
        <text>ἐπὶ</text>
        <refs nrefs="12-3"/>
      </w>
      <w n="10-4">
        <text>Φυκοῦντα</text>
        <refs nrefs="12-4"/>
      </w>
      <w n="10-5">
        <text>Λιβύης</text>
        <refs nrefs="12-5"/>
      </w>
      <w n="10-6">
        <text>τὸ</text>
        <refs nrefs="12-6"/>
      </w>
      <w n="10-7">
        <text>δίαρμα</text>
        <refs nrefs="12-6"/>
      </w>
      <w n="10-8">
        <text>στάδια</text>
        <refs nrefs="12-9"/>
      </w>
      <w n="10-9">
        <text>ˏγ</text>
        <refs nrefs="12-7 12-8"/>
      </w>
      <w n="10-10">
        <text>.</text>
      </w>
    </wds>
    <wds lnum="L2">
      <comment xmlns:ns_1="http://www.w3.org/1999/xlink" class="uri"/>
      <w n="1-1">
        <text>Peloponnesi</text>
        <refs nrefs="1-1"/>
      </w>
      <w n="1-2">
        <text>autem</text>
        <refs nrefs="1-2"/>
      </w>
      <w n="1-3">
        <text>ambitus</text>
        <refs nrefs="1-3 1-4"/>
      </w>
      <w n="1-4">
        <text>,</text>
      </w>
      <w n="1-5">
        <text>annumeratis</text>
        <refs nrefs="1-8"/>
      </w>
      <w n="1-6">
        <text>etiam</text>
        <refs nrefs="1-5"/>
      </w>
      <w n="1-7">
        <text>sinubus</text>
        <refs nrefs="1-6 1-7"/>
      </w>
      <w n="1-8">
        <text>stadiorum</text>
        <refs nrefs="1-9"/>
      </w>
      <w n="1-9">
        <text>est</text>
      </w>
      <w n="1-10">
        <text>V</text>
        <refs nrefs="1-10"/>
      </w>
      <w n="1-11">
        <text>M</text>
        <refs nrefs="1-10"/>
      </w>
      <w n="1-12">
        <text>DC</text>
        <refs nrefs="1-10"/>
      </w>
      <w n="1-13">
        <text>XXVII</text>
        <refs nrefs="1-10"/>
      </w>
      <w n="1-14">
        <text>.</text>
      </w>
      <w n="1-15">
        <text>et</text>
        <refs nrefs="1-13"/>
      </w>
      <w n="1-16">
        <text>sine</text>
        <refs nrefs="1-12"/>
      </w>
      <w n="1-17">
        <text>circuitu</text>
        <refs nrefs="1-14 1-15"/>
      </w>
      <w n="1-18">
        <text>sinuum</text>
        <refs nrefs="1-14 1-15"/>
      </w>
      <w n="1-19">
        <text>ambitus</text>
        <refs nrefs="1-16 1-17"/>
      </w>
      <w n="1-20">
        <text>est</text>
      </w>
      <w n="1-21">
        <text>stadiorum</text>
        <refs nrefs="1-18"/>
      </w>
      <w n="1-22">
        <text>IV</text>
        <refs nrefs="1-19"/>
      </w>
      <w n="1-23">
        <text>M.</text>
        <refs nrefs="1-19"/>
      </w>
      <w n="2-1">
        <text>Longitudo</text>
        <refs nrefs="2-1"/>
      </w>
      <w n="2-2">
        <text>autem</text>
        <refs nrefs="2-2"/>
      </w>
      <w n="2-3">
        <text>a</text>
        <refs nrefs="2-3"/>
      </w>
      <w n="2-4">
        <text>Malea</text>
        <refs nrefs="2-4"/>
      </w>
      <w n="2-5">
        <text>ad</text>
        <refs nrefs="2-5"/>
      </w>
      <w n="2-6">
        <text>Aegium</text>
        <comment class="mark">recte</comment>
      </w>
      <w n="2-7">
        <text>stadiorum</text>
        <refs nrefs="2-7"/>
      </w>
      <w n="2-8">
        <text>M</text>
        <refs nrefs="2-8"/>
      </w>
      <w n="2-9">
        <text>L.</text>
        <refs nrefs="2-8"/>
      </w>
      <w n="2-10">
        <text>figuram</text>
        <refs nrefs="3-4"/>
      </w>
      <w n="2-11">
        <text>habet</text>
        <refs nrefs="3-1"/>
      </w>
      <w n="2-12">
        <text>folio</text>
        <refs nrefs="3-5"/>
      </w>
      <w n="2-13">
        <text>platani</text>
        <refs nrefs="3-6"/>
      </w>
      <w n="2-14">
        <text>non</text>
        <refs nrefs="3-3"/>
      </w>
      <w n="2-15">
        <text>dissimilem</text>
        <refs nrefs="3-3"/>
      </w>
      <w n="2-16">
        <text>,</text>
      </w>
      <w n="2-17">
        <text>magnis</text>
        <refs nrefs="3-9"/>
      </w>
      <w n="2-18">
        <text>enim</text>
      </w>
      <w n="2-19">
        <text>sinibus</text>
        <refs nrefs="3-8"/>
      </w>
      <w n="2-20">
        <text>intercisa</text>
        <refs nrefs="3-10"/>
      </w>
      <w n="2-21">
        <text>est</text>
      </w>
      <w n="2-22">
        <text>.</text>
      </w>
      <w n="3-1">
        <text>coarctatur</text>
        <refs nrefs="4-1"/>
      </w>
      <w n="3-2">
        <text>autem</text>
        <refs nrefs="4-2"/>
      </w>
      <w n="3-3">
        <text>ad</text>
        <refs nrefs="4-3"/>
      </w>
      <w n="3-4">
        <text>Isthmum</text>
        <refs nrefs="4-4 4-6"/>
      </w>
      <w n="3-5">
        <text>Corinthiorum</text>
        <refs nrefs="4-5"/>
      </w>
      <w n="3-6">
        <text>.</text>
      </w>
      <w n="4-1">
        <text>latitudinem</text>
        <refs nrefs="4-8"/>
      </w>
      <w n="4-2">
        <text>habet</text>
      </w>
      <w n="4-3">
        <text>stadiorum</text>
        <refs nrefs="4-9"/>
      </w>
      <w n="4-4">
        <text>XL</text>
        <refs nrefs="4-10"/>
      </w>
      <w n="4-5">
        <text>at</text>
      </w>
      <w n="4-6">
        <text>sinu</text>
        <refs nrefs="5-2 5-4"/>
      </w>
      <w n="4-7">
        <text>Corinthiaco</text>
        <refs nrefs="5-3"/>
      </w>
      <w n="4-8">
        <text>et</text>
        <refs nrefs="5-5"/>
      </w>
      <w n="4-9">
        <text>Saronico</text>
        <refs nrefs="5-6"/>
      </w>
      <w n="4-10">
        <text>ad</text>
        <refs nrefs="5-7"/>
      </w>
      <w n="4-11">
        <text>Scÿllaeum</text>
        <refs nrefs="5-9"/>
      </w>
      <w n="4-12">
        <text>promontorium</text>
        <refs nrefs="5-8 5-10"/>
      </w>
      <w n="4-13">
        <text>a</text>
        <refs nrefs="5-11"/>
      </w>
      <w n="4-14">
        <text>latere</text>
        <refs nrefs="5-12"/>
      </w>
      <w n="4-15">
        <text>sinistro</text>
        <refs nrefs="5-12"/>
      </w>
      <w n="4-16">
        <text>.</text>
      </w>
      <w n="5-1">
        <text>huic</text>
      </w>
      <w n="5-2">
        <text>loco</text>
      </w>
      <w n="5-3">
        <text>Calauria</text>
        <refs nrefs="5-16"/>
      </w>
      <w n="5-4">
        <text>insula</text>
        <refs nrefs="5-15"/>
      </w>
      <w n="5-5">
        <text>objacet</text>
        <refs nrefs="5-14"/>
      </w>
      <w n="5-6">
        <text>Neptuno</text>
        <refs nrefs="5-17"/>
      </w>
      <w n="5-7">
        <text>sacra</text>
        <refs nrefs="5-18"/>
      </w>
      <w n="5-8">
        <text>.</text>
      </w>
      <w n="6-1">
        <text>Deinde</text>
        <refs nrefs="6-1"/>
      </w>
      <w n="6-2">
        <text>vero</text>
        <refs nrefs="6-2"/>
      </w>
      <w n="6-3">
        <text>Argolicus</text>
        <refs nrefs="6-4"/>
      </w>
      <w n="6-4">
        <text>sinus</text>
        <refs nrefs="6-3 6-5"/>
      </w>
      <w n="6-5">
        <text>est</text>
      </w>
      <w n="6-6">
        <text>ad</text>
        <refs nrefs="6-6"/>
      </w>
      <w n="6-7">
        <text>Maleam</text>
        <refs nrefs="6-7"/>
      </w>
      <w n="6-8">
        <text>usque</text>
        <refs nrefs="6-6"/>
      </w>
      <w n="6-9">
        <text>promontorium</text>
        <refs nrefs="6-8"/>
      </w>
      <w n="6-10">
        <text>,</text>
      </w>
      <w n="6-11">
        <text>quod</text>
        <refs nrefs="6-10"/>
      </w>
      <w n="6-12">
        <text>longissime</text>
        <refs nrefs="6-11"/>
      </w>
      <w n="6-13">
        <text>in</text>
        <refs nrefs="6-13"/>
      </w>
      <w n="6-14">
        <text>mare</text>
        <refs nrefs="6-14"/>
      </w>
      <w n="6-15">
        <text>excurrit</text>
        <refs nrefs="6-12"/>
      </w>
      <w n="6-16">
        <text>.</text>
      </w>
      <w n="7-1">
        <text>Dein</text>
        <refs nrefs="7-1"/>
      </w>
      <w n="7-2">
        <text>Hermionicus</text>
        <refs nrefs="7-3"/>
      </w>
      <w n="7-3">
        <text>sinus</text>
        <refs nrefs="7-2 7-4"/>
      </w>
      <w n="7-4">
        <text>.</text>
      </w>
      <w n="8-1">
        <text>post</text>
        <refs nrefs="8-3"/>
      </w>
      <w n="8-2">
        <text>Maleam</text>
        <refs nrefs="8-4"/>
      </w>
      <w n="8-3">
        <text>vero</text>
        <refs nrefs="8-2"/>
      </w>
      <w n="8-4">
        <text>Laconicus</text>
        <refs nrefs="8-5"/>
      </w>
      <w n="8-5">
        <text>sinus</text>
        <refs nrefs="8-6"/>
      </w>
      <w n="8-6">
        <text>ad</text>
        <refs nrefs="8-7"/>
      </w>
      <w n="8-7">
        <text>Taenarum</text>
        <refs nrefs="8-8"/>
      </w>
      <w n="8-8">
        <text>a</text>
        <refs nrefs="8-9"/>
      </w>
      <w n="8-9">
        <text>dextris</text>
        <refs nrefs="8-10"/>
      </w>
      <w n="8-10">
        <text>.</text>
      </w>
      <w n="9-1">
        <text>quod</text>
        <refs nrefs="8-12"/>
      </w>
      <w n="9-2">
        <text>a</text>
        <refs nrefs="8-14"/>
      </w>
      <w n="9-3">
        <text>sinistris</text>
        <refs nrefs="8-15"/>
      </w>
      <w n="9-4">
        <text>Messenicum</text>
        <refs nrefs="8-17"/>
      </w>
      <w n="9-5">
        <text>sinum</text>
        <refs nrefs="8-16 8-18"/>
      </w>
      <w n="9-6">
        <text>terminat</text>
        <refs nrefs="8-13"/>
      </w>
      <w n="9-7">
        <text>in</text>
      </w>
      <w n="9-8">
        <text>cujus</text>
        <refs nrefs="8-20"/>
      </w>
      <w n="9-9">
        <text>dextra</text>
        <refs nrefs="8-22"/>
      </w>
      <w n="9-10">
        <text>parte</text>
        <refs nrefs="8-22"/>
      </w>
      <w n="9-11">
        <text>Acrita</text>
        <refs nrefs="8-23"/>
      </w>
      <w n="9-12">
        <text>promontorium</text>
        <refs nrefs="8-24"/>
      </w>
      <w n="9-13">
        <text>est</text>
      </w>
      <w n="9-14">
        <text>deinceps</text>
        <refs nrefs="9-1"/>
      </w>
      <w n="9-15">
        <text>Ichthÿs</text>
        <refs nrefs="9-4"/>
      </w>
      <w n="9-16">
        <text>promontorium</text>
        <refs nrefs="9-3"/>
      </w>
      <w n="9-17">
        <text>excurrit</text>
        <refs nrefs="9-2"/>
      </w>
      <w n="9-18">
        <text>,</text>
      </w>
      <w n="9-19">
        <text>iuxta</text>
        <refs nrefs="9-6"/>
      </w>
      <w n="9-20">
        <text>quod</text>
        <refs nrefs="9-7"/>
      </w>
      <w n="9-21">
        <text>Zacÿnthus</text>
        <refs nrefs="9-9"/>
      </w>
      <w n="9-22">
        <text>insula</text>
      </w>
      <w n="9-23">
        <text>jacet</text>
        <refs nrefs="9-8"/>
      </w>
      <w n="9-24">
        <text>,</text>
      </w>
      <w n="9-25">
        <text>itemque</text>
      </w>
      <w n="9-26">
        <text>aliud</text>
        <refs nrefs="9-12"/>
      </w>
      <w n="9-27">
        <text>videlicet</text>
      </w>
      <w n="9-28">
        <text>Chelonatas</text>
        <refs nrefs="9-13 9-14"/>
      </w>
      <w n="9-29">
        <text>.</text>
      </w>
      <w n="10-1">
        <text>ultimum</text>
        <refs nrefs="9-16"/>
      </w>
      <w n="10-2">
        <text>vero</text>
        <refs nrefs="9-17"/>
      </w>
      <w n="10-3">
        <text>promontorium</text>
        <refs nrefs="9-18"/>
      </w>
      <w n="10-4">
        <text>Arraxus</text>
        <refs nrefs="9-19"/>
      </w>
      <w n="10-5">
        <text>obversa</text>
        <refs nrefs="9-20"/>
      </w>
      <w n="10-6">
        <text>fronte</text>
        <refs nrefs="9-20"/>
      </w>
      <w n="10-7">
        <text>Acarnaniam</text>
        <refs nrefs="9-21"/>
      </w>
      <w n="10-8">
        <text>prospiciens</text>
      </w>
      <w n="10-9">
        <text>,</text>
      </w>
      <w n="10-10">
        <text>post</text>
        <refs nrefs="9-22"/>
      </w>
      <w n="10-11">
        <text>quod</text>
        <refs nrefs="9-23"/>
      </w>
      <w n="10-12">
        <text>Corinthiacus</text>
        <refs nrefs="9-25"/>
      </w>
      <w n="10-13">
        <text>sinus</text>
        <refs nrefs="9-24 9-27"/>
      </w>
      <w n="10-14">
        <text>dein</text>
      </w>
      <w n="10-15">
        <text>sese</text>
      </w>
      <w n="10-16">
        <text>effundit</text>
      </w>
      <w n="10-17">
        <text>VII</text>
        <refs nrefs="9-29"/>
      </w>
      <w n="10-18">
        <text>stadiorum</text>
        <refs nrefs="9-30"/>
      </w>
      <w n="10-19">
        <text>ostio</text>
        <refs nrefs="9-32"/>
      </w>
      <w n="10-20">
        <text>conclusus</text>
        <refs nrefs="9-31"/>
      </w>
      <w n="10-21">
        <text>iuxta</text>
        <refs nrefs="9-33"/>
      </w>
      <w n="10-22">
        <text>Rhium</text>
        <refs nrefs="9-35"/>
      </w>
      <w n="10-23">
        <text>promontorium</text>
        <refs nrefs="9-34 9-36"/>
      </w>
      <w n="10-24">
        <text>quod</text>
        <refs nrefs="9-38"/>
      </w>
      <w n="10-25">
        <text>est</text>
        <refs nrefs="9-39"/>
      </w>
      <w n="10-26">
        <text>in</text>
        <refs nrefs="9-40 9-41"/>
      </w>
      <w n="10-27">
        <text>Peloponneso</text>
        <refs nrefs="9-40 9-41"/>
      </w>
      <w n="10-28">
        <text>.</text>
      </w>
      <w n="11-1">
        <text>Antirrhium</text>
        <refs nrefs="9-42 9-44"/>
      </w>
      <w n="11-2">
        <text>autem</text>
        <refs nrefs="9-43"/>
      </w>
      <w n="11-3">
        <text>Locridis</text>
        <refs nrefs="9-45"/>
      </w>
      <w n="11-4">
        <text>est</text>
      </w>
      <w n="11-5">
        <text>.</text>
      </w>
      <w n="12-1">
        <text>A</text>
        <refs nrefs="10-1"/>
      </w>
      <w n="12-2">
        <text>Taenaro</text>
        <refs nrefs="10-2"/>
      </w>
      <w n="12-3">
        <text>ad</text>
        <refs nrefs="10-3"/>
      </w>
      <w n="12-4">
        <text>Phÿcuntem</text>
        <refs nrefs="10-4"/>
      </w>
      <w n="12-5">
        <text>Africae</text>
        <refs nrefs="10-5"/>
      </w>
      <w n="12-6">
        <text>trajectus</text>
        <refs nrefs="10-6 10-7"/>
      </w>
      <w n="12-7">
        <text>III</text>
        <refs nrefs="10-9"/>
      </w>
      <w n="12-8">
        <text>M.</text>
        <refs nrefs="10-9"/>
      </w>
      <w n="12-9">
        <text>stadiorum</text>
        <refs nrefs="10-8"/>
      </w>
      <w n="12-10">
        <text>.</text>
      </w>
    </wds>
  </sentence>
</aligned-text>