<aligned-text xmlns="http://alpheios.net/namespaces/aligned-text">
  <language lnum="L1" xml:lang="grc" dir="ltr"/>
  <language lnum="L2" xml:lang="lat" dir="ltr"/>
  <sentence id="1" document_id="">
    <wds lnum="L1">
      <comment xmlns:ns_1="http://www.w3.org/1999/xlink" class="uri"/>
      <w n="1-1">
        <text>Αἴγινα</text>
        <refs nrefs="1-1"/>
      </w>
      <w n="1-2">
        <text>νῆσος</text>
        <refs nrefs="1-2"/>
      </w>
      <w n="1-3">
        <text>προμήκης</text>
        <refs nrefs="1-3"/>
      </w>
      <w n="1-4">
        <text>στάδια</text>
        <refs nrefs="1-4"/>
      </w>
      <w n="1-5">
        <text>ρξˊ</text>
        <comment class="mark">160</comment>
        <refs nrefs="1-5"/>
      </w>
      <w n="1-6">
        <text>·</text>
      </w>
      <w n="1-7">
        <text>ἐξ</text>
      </w>
      <w n="1-8">
        <text>ἐναντίας</text>
      </w>
      <w n="1-9">
        <text>κεῖται</text>
      </w>
      <w n="1-10">
        <text>τῆς</text>
        <refs nrefs="1-6"/>
      </w>
      <w n="1-11">
        <text>Ἀττικῆς</text>
        <refs nrefs="1-6"/>
      </w>
      <w n="1-12">
        <text>.</text>
      </w>
      <w n="2-1">
        <text>Σαλαμὶς</text>
        <refs nrefs="2-1"/>
      </w>
      <w n="2-2">
        <text>μῆκος</text>
        <refs nrefs="2-2"/>
      </w>
      <w n="2-3">
        <text>στάδ</text>
        <refs nrefs="2-3"/>
      </w>
      <w n="2-4">
        <text>.</text>
      </w>
      <w n="3-1">
        <text>οˊ</text>
        <comment class="mark">70</comment>
        <refs nrefs="2-4"/>
      </w>
      <w n="3-2">
        <text>·</text>
      </w>
      <w n="3-3">
        <text>ἡ</text>
        <refs nrefs="3-1"/>
      </w>
      <w n="3-4">
        <text>Κεία</text>
        <refs nrefs="3-1"/>
      </w>
      <w n="3-5">
        <text>ρκˊ</text>
        <comment class="mark">120</comment>
        <refs nrefs="3-2"/>
      </w>
      <w n="3-6">
        <text>.</text>
      </w>
      <w n="4-1">
        <text>τῶν</text>
        <refs nrefs="4-1"/>
      </w>
      <w n="4-2">
        <text>δὲ</text>
        <refs nrefs="4-2"/>
      </w>
      <w n="4-3">
        <text>Κυκλάδων</text>
        <refs nrefs="4-1"/>
      </w>
      <w n="4-4">
        <text>κρατίστη</text>
        <refs nrefs="4-3"/>
      </w>
      <w n="4-5">
        <text>ἐστὶν</text>
        <refs nrefs="4-4"/>
      </w>
      <w n="4-6">
        <text>ἡ</text>
        <refs nrefs="4-5"/>
      </w>
      <w n="4-7">
        <text>Νάξος</text>
        <refs nrefs="4-5"/>
      </w>
      <w n="4-8">
        <text>,</text>
      </w>
      <w n="4-9">
        <text>διὸ</text>
        <refs nrefs="4-7"/>
      </w>
      <w n="4-10">
        <text>μικρὰ</text>
        <refs nrefs="4-9"/>
      </w>
      <w n="4-11">
        <text>λέγεται</text>
        <refs nrefs="4-11"/>
      </w>
      <w n="4-12">
        <text>Σικελία</text>
        <refs nrefs="4-10"/>
      </w>
      <w n="4-13">
        <text>.</text>
      </w>
      <w n="5-1">
        <text>ἐκ</text>
        <refs nrefs="5-1"/>
      </w>
      <w n="5-2">
        <text>δεξιῶν</text>
        <refs nrefs="5-2"/>
      </w>
      <w n="5-3">
        <text>δ᾿</text>
        <refs nrefs="5-3"/>
      </w>
      <w n="5-4">
        <text>αἱ</text>
        <refs nrefs="5-4"/>
      </w>
      <w n="5-5">
        <text>Σποράδες</text>
        <refs nrefs="5-4"/>
      </w>
      <w n="5-6">
        <text>.</text>
      </w>
      <w n="6-1">
        <text>ἡ</text>
        <refs nrefs="6-1"/>
      </w>
      <w n="6-2">
        <text>δ᾿</text>
        <refs nrefs="6-2"/>
      </w>
      <w n="6-3">
        <text>Εὔβοια</text>
        <refs nrefs="6-1"/>
      </w>
      <w n="6-4">
        <text>γεφύρᾳ</text>
        <refs nrefs="6-3"/>
      </w>
      <w n="6-5">
        <text>πρὸς</text>
        <refs nrefs="6-4"/>
      </w>
      <w n="6-6">
        <text>τὴν</text>
        <refs nrefs="6-4"/>
      </w>
      <w n="6-7">
        <text>Βοιωτίαν</text>
        <refs nrefs="6-4"/>
      </w>
      <w n="6-8">
        <text>ἔζευκται</text>
        <refs nrefs="6-5"/>
      </w>
      <w n="6-9">
        <text>·</text>
      </w>
      <w n="6-10">
        <text>παρατείνει</text>
        <refs nrefs="6-7 6-9"/>
      </w>
      <w n="6-11">
        <text>δὲ</text>
        <refs nrefs="6-8"/>
      </w>
      <w n="6-12">
        <text>Βοιωτίδα</text>
        <refs nrefs="6-10"/>
      </w>
      <w n="6-13">
        <text>,</text>
      </w>
      <w n="6-14">
        <text>Φωκίδα</text>
        <refs nrefs="6-12"/>
      </w>
      <w n="6-15">
        <text>,</text>
      </w>
      <w n="6-16">
        <text>Λοκροὺς</text>
        <refs nrefs="6-14"/>
      </w>
      <w n="6-17">
        <text>.</text>
      </w>
      <w n="7-1">
        <text>ἐκ</text>
        <refs nrefs="7-1"/>
      </w>
      <w n="7-2">
        <text>δὲ</text>
        <refs nrefs="7-3"/>
      </w>
      <w n="7-3">
        <text>θατέρου</text>
        <refs nrefs="7-2 7-4"/>
      </w>
      <w n="7-4">
        <text>ἐπὶ</text>
      </w>
      <w n="7-5">
        <text>ποσὸν</text>
      </w>
      <w n="7-6">
        <text>καὶ</text>
        <refs nrefs="7-5"/>
      </w>
      <w n="7-7">
        <text>τῇ</text>
        <refs nrefs="7-7"/>
      </w>
      <w n="7-8">
        <text>Ἀττικῇ</text>
        <refs nrefs="7-7"/>
      </w>
      <w n="7-9">
        <text>·</text>
      </w>
      <w n="7-10">
        <text>ἔστι</text>
        <refs nrefs="8-3"/>
      </w>
      <w n="7-11">
        <text>γὰρ</text>
        <refs nrefs="8-2"/>
      </w>
      <w n="7-12">
        <text>μακρὰ</text>
        <refs nrefs="8-1"/>
      </w>
      <w n="7-13">
        <text>,</text>
      </w>
      <w n="7-14">
        <text>διὸ</text>
      </w>
      <w n="7-15">
        <text>Μάκρις</text>
        <refs nrefs="8-6"/>
      </w>
      <w n="7-16">
        <text>ὠνομάσθη</text>
        <refs nrefs="8-8"/>
      </w>
      <w n="7-17">
        <text>,</text>
      </w>
      <w n="7-18">
        <text>μῆκος</text>
        <refs nrefs="9-1"/>
      </w>
      <w n="7-19">
        <text>σταδίων</text>
        <refs nrefs="9-4"/>
      </w>
      <w n="7-20">
        <text>ˏαψˊ</text>
        <comment class="mark">1,700</comment>
        <refs nrefs="9-3"/>
      </w>
      <w n="7-21">
        <text>.</text>
      </w>
    </wds>
    <wds lnum="L2">
      <comment xmlns:ns_1="http://www.w3.org/1999/xlink" class="uri"/>
      <w n="1-1">
        <text>Aegina</text>
        <refs nrefs="1-1"/>
      </w>
      <w n="1-2">
        <text>insula</text>
        <refs nrefs="1-2"/>
      </w>
      <w n="1-3">
        <text>oblonga</text>
        <refs nrefs="1-3"/>
      </w>
      <w n="1-4">
        <text>stadiorum</text>
        <refs nrefs="1-4"/>
      </w>
      <w n="1-5">
        <text>CLX</text>
        <refs nrefs="1-5"/>
      </w>
      <w n="1-6">
        <text>Atticae</text>
        <refs nrefs="1-10 1-11"/>
      </w>
      <w n="1-7">
        <text>obiecta</text>
      </w>
      <w n="1-8">
        <text>est</text>
      </w>
      <w n="1-9">
        <text>.</text>
      </w>
      <w n="2-1">
        <text>Salamis</text>
        <refs nrefs="2-1"/>
      </w>
      <w n="2-2">
        <text>longa</text>
        <refs nrefs="2-2"/>
      </w>
      <w n="2-3">
        <text>stadia</text>
        <refs nrefs="2-3"/>
      </w>
      <w n="2-4">
        <text>LXX</text>
        <refs nrefs="3-1"/>
      </w>
      <w n="2-5">
        <text>.</text>
      </w>
      <w n="3-1">
        <text>Cea</text>
        <refs nrefs="3-3 3-4"/>
      </w>
      <w n="3-2">
        <text>CXX</text>
        <refs nrefs="3-5"/>
      </w>
      <w n="3-3">
        <text>.</text>
      </w>
      <w n="4-1">
        <text>Cÿcladum</text>
        <refs nrefs="4-1 4-3"/>
      </w>
      <w n="4-2">
        <text>autem</text>
        <refs nrefs="4-2"/>
      </w>
      <w n="4-3">
        <text>maxima</text>
        <refs nrefs="4-4"/>
      </w>
      <w n="4-4">
        <text>est</text>
        <refs nrefs="4-5"/>
      </w>
      <w n="4-5">
        <text>Naxus</text>
        <refs nrefs="4-6 4-7"/>
      </w>
      <w n="4-6">
        <text>,</text>
      </w>
      <w n="4-7">
        <text>quocirca</text>
        <refs nrefs="4-9"/>
      </w>
      <w n="4-8">
        <text>etiam</text>
      </w>
      <w n="4-9">
        <text>parva</text>
        <refs nrefs="4-10"/>
      </w>
      <w n="4-10">
        <text>Sicilia</text>
        <refs nrefs="4-12"/>
      </w>
      <w n="4-11">
        <text>appellatur</text>
        <refs nrefs="4-11"/>
      </w>
      <w n="4-12">
        <text>.</text>
      </w>
      <w n="5-1">
        <text>a</text>
        <refs nrefs="5-1"/>
      </w>
      <w n="5-2">
        <text>dextris</text>
        <refs nrefs="5-2"/>
      </w>
      <w n="5-3">
        <text>vero</text>
        <refs nrefs="5-3"/>
      </w>
      <w n="5-4">
        <text>Sporades</text>
        <refs nrefs="5-4 5-5"/>
      </w>
      <w n="5-5">
        <text>.</text>
      </w>
      <w n="6-1">
        <text>Euboea</text>
        <refs nrefs="6-1 6-3"/>
      </w>
      <w n="6-2">
        <text>autem</text>
        <refs nrefs="6-2"/>
      </w>
      <w n="6-3">
        <text>ponte</text>
        <refs nrefs="6-4"/>
      </w>
      <w n="6-4">
        <text>Boeotiae</text>
        <refs nrefs="6-5 6-6 6-7"/>
      </w>
      <w n="6-5">
        <text>conjungitur</text>
        <refs nrefs="6-8"/>
      </w>
      <w n="6-6">
        <text>,</text>
      </w>
      <w n="6-7">
        <text>extenditur</text>
        <refs nrefs="6-10"/>
      </w>
      <w n="6-8">
        <text>autem</text>
        <refs nrefs="6-11"/>
      </w>
      <w n="6-9">
        <text>iuxta</text>
        <refs nrefs="6-10"/>
      </w>
      <w n="6-10">
        <text>Boeotiam</text>
        <refs nrefs="6-12"/>
      </w>
      <w n="6-11">
        <text>,</text>
      </w>
      <w n="6-12">
        <text>Phocidem</text>
        <refs nrefs="6-14"/>
      </w>
      <w n="6-13">
        <text>atque</text>
      </w>
      <w n="6-14">
        <text>Locros</text>
        <refs nrefs="6-16"/>
      </w>
      <w n="6-15">
        <text>.</text>
      </w>
      <w n="7-1">
        <text>ab</text>
        <refs nrefs="7-1"/>
      </w>
      <w n="7-2">
        <text>altera</text>
        <refs nrefs="7-3"/>
      </w>
      <w n="7-3">
        <text>autem</text>
        <refs nrefs="7-2"/>
      </w>
      <w n="7-4">
        <text>parte</text>
        <refs nrefs="7-3"/>
      </w>
      <w n="7-5">
        <text>etiam</text>
        <refs nrefs="7-6"/>
      </w>
      <w n="7-6">
        <text>juxta</text>
      </w>
      <w n="7-7">
        <text>Atticam</text>
        <refs nrefs="7-7 7-8"/>
      </w>
      <w n="7-8">
        <text>.</text>
      </w>
      <w n="8-1">
        <text>longa</text>
        <refs nrefs="7-12"/>
      </w>
      <w n="8-2">
        <text>enim</text>
        <refs nrefs="7-11"/>
      </w>
      <w n="8-3">
        <text>est</text>
        <refs nrefs="7-10"/>
      </w>
      <w n="8-4">
        <text>,</text>
      </w>
      <w n="8-5">
        <text>ideoque</text>
      </w>
      <w n="8-6">
        <text>Macris</text>
        <refs nrefs="7-15"/>
      </w>
      <w n="8-7">
        <text>olim</text>
      </w>
      <w n="8-8">
        <text>appellata</text>
        <refs nrefs="7-16"/>
      </w>
      <w n="8-9">
        <text>.</text>
      </w>
      <w n="9-1">
        <text>Longitudo</text>
        <refs nrefs="7-18"/>
      </w>
      <w n="9-2">
        <text>ejus</text>
      </w>
      <w n="9-3">
        <text>MDCC</text>
        <refs nrefs="7-20"/>
      </w>
      <w n="9-4">
        <text>stadiorum</text>
        <refs nrefs="7-19"/>
      </w>
      <w n="9-5">
        <text>.</text>
      </w>
    </wds>
  </sentence>
</aligned-text>