<aligned-text xmlns="http://alpheios.net/namespaces/aligned-text">
  <language lnum="L1" xml:lang="grc" dir="ltr"/>
  <language lnum="L2" xml:lang="lat" dir="ltr"/>
  <sentence id="1" document_id="">
    <wds lnum="L1">
      <comment xmlns:ns_1="http://www.w3.org/1999/xlink" class="uri"/>
      <w n="1-1">
        <text>6</text>
      </w>
      <w n="1-2">
        <text>.</text>
      </w>
      <w n="2-1">
        <text>Ἄνεμοι</text>
        <refs nrefs="2-1"/>
      </w>
      <w n="2-2">
        <text>δὲ</text>
        <refs nrefs="2-2"/>
      </w>
      <w n="2-3">
        <text>πνέουσιν</text>
        <refs nrefs="2-5"/>
      </w>
      <w n="2-4">
        <text>ἀπὸ</text>
        <refs nrefs="3-1"/>
      </w>
      <w n="2-5">
        <text>μὲν</text>
      </w>
      <w n="2-6">
        <text>ἰσημερινῆς</text>
        <refs nrefs="3-3"/>
      </w>
      <w n="2-7">
        <text>ἀνατολῆς</text>
        <refs nrefs="3-2"/>
      </w>
      <w n="2-8">
        <text>,</text>
      </w>
      <w n="2-9">
        <text>Ἀπηλιώτης</text>
        <refs nrefs="3-4"/>
      </w>
      <w n="2-10">
        <text>·</text>
      </w>
      <w n="2-11">
        <text>ἀπὸ</text>
        <refs nrefs="4-1"/>
      </w>
      <w n="2-12">
        <text>δὲ</text>
      </w>
      <w n="2-13">
        <text>ἰσημερινῆς</text>
        <refs nrefs="4-3"/>
      </w>
      <w n="2-14">
        <text>δύσεως</text>
        <refs nrefs="4-2"/>
      </w>
      <w n="2-15">
        <text>,</text>
      </w>
      <w n="2-16">
        <text>Ζέφυρος</text>
        <refs nrefs="4-4"/>
      </w>
      <w n="2-17">
        <text>·</text>
      </w>
      <w n="2-18">
        <text>ἀπὸ</text>
        <refs nrefs="5-1"/>
      </w>
      <w n="2-19">
        <text>δὲ</text>
      </w>
      <w n="2-20">
        <text>μεσημβρίας</text>
        <refs nrefs="5-2"/>
      </w>
      <w n="2-21">
        <text>,</text>
      </w>
      <w n="2-22">
        <text>Νότος</text>
        <refs nrefs="5-3"/>
      </w>
      <w n="2-23">
        <text>·</text>
      </w>
      <w n="2-24">
        <text>ἀπὸ</text>
        <refs nrefs="6-1"/>
      </w>
      <w n="2-25">
        <text>δὲ</text>
      </w>
      <w n="2-26">
        <text>ἄρκτου</text>
        <refs nrefs="6-2"/>
      </w>
      <w n="2-27">
        <text>,</text>
      </w>
      <w n="2-28">
        <text>Ἀπαρκτίας</text>
        <refs nrefs="6-3"/>
      </w>
      <w n="2-29">
        <text>·</text>
      </w>
      <w n="2-30">
        <text>ἀπὸ</text>
        <refs nrefs="7-1"/>
      </w>
      <w n="2-31">
        <text>δὲ</text>
        <refs nrefs="7-3"/>
      </w>
      <w n="2-32">
        <text>ἀνατολῆς</text>
        <refs nrefs="7-4"/>
      </w>
      <w n="2-33">
        <text>θερινῆς</text>
        <refs nrefs="7-2"/>
      </w>
      <w n="2-34">
        <text>,</text>
      </w>
      <w n="2-35">
        <text>Καικίας</text>
        <refs nrefs="7-5"/>
      </w>
      <w n="2-36">
        <text>·</text>
      </w>
      <w n="2-37">
        <text>ἑξῆς</text>
      </w>
      <w n="2-38">
        <text>δὲ</text>
      </w>
      <w n="2-39">
        <text>ἀπὸ</text>
        <refs nrefs="7-7"/>
      </w>
      <w n="2-40">
        <text>ἰσημερινῆς</text>
        <refs nrefs="7-9"/>
      </w>
      <w n="2-41">
        <text>ἀνατολῆς</text>
        <refs nrefs="7-8"/>
      </w>
      <w n="2-42">
        <text>,</text>
      </w>
      <w n="2-43">
        <text>Ἀπηλιώτης</text>
        <refs nrefs="7-10"/>
      </w>
      <w n="2-44">
        <text>·</text>
      </w>
      <w n="2-45">
        <text>καὶ</text>
        <refs nrefs="7-14"/>
      </w>
      <w n="2-46">
        <text>ἀπὸ</text>
        <refs nrefs="7-12"/>
      </w>
      <w n="2-47">
        <text>χειμερινῆς</text>
        <refs nrefs="7-13"/>
      </w>
      <w n="2-48">
        <text>,</text>
      </w>
      <w n="2-49">
        <text>Εὖρος</text>
        <refs nrefs="7-15 7-17"/>
      </w>
      <w n="2-50">
        <text>·</text>
      </w>
      <w n="2-51">
        <text>δυσμικοὶ</text>
        <refs nrefs="8-2"/>
      </w>
      <w n="2-52">
        <text>δὲ</text>
        <refs nrefs="8-1"/>
      </w>
      <w n="2-53">
        <text>ἀπὸ</text>
        <refs nrefs="8-5"/>
      </w>
      <w n="2-54">
        <text>μὲν</text>
        <refs nrefs="8-7"/>
      </w>
      <w n="2-55">
        <text>δύσεως</text>
        <refs nrefs="8-6"/>
      </w>
      <w n="2-56">
        <text>χειμερινῆς</text>
        <refs nrefs="8-8"/>
      </w>
      <w n="2-57">
        <text>,</text>
      </w>
      <w n="2-58">
        <text>Λίψ</text>
        <refs nrefs="8-9"/>
      </w>
      <w n="2-59">
        <text>·</text>
      </w>
      <w n="2-60">
        <text>καὶ</text>
      </w>
      <w n="2-61">
        <text>ἑξῆς</text>
        <refs nrefs="8-11"/>
      </w>
      <w n="2-62">
        <text>πάλιν</text>
        <refs nrefs="8-11"/>
      </w>
      <w n="2-63">
        <text>ἀπὸ</text>
        <refs nrefs="8-12"/>
      </w>
      <w n="2-64">
        <text>δύσεως</text>
        <refs nrefs="8-13"/>
      </w>
      <w n="2-65">
        <text>ἰσημερινῆς</text>
        <refs nrefs="8-14"/>
      </w>
      <w n="2-66">
        <text>,</text>
      </w>
      <w n="2-67">
        <text>Ζέφυρος</text>
        <refs nrefs="8-15"/>
      </w>
      <w n="2-68">
        <text>·</text>
      </w>
      <w n="2-69">
        <text>ἀπὸ</text>
        <refs nrefs="9-1"/>
      </w>
      <w n="2-70">
        <text>δὲ</text>
      </w>
      <w n="2-71">
        <text>δύσεως</text>
        <refs nrefs="9-4"/>
      </w>
      <w n="2-72">
        <text>θερινῆς</text>
        <refs nrefs="9-2"/>
      </w>
      <w n="2-73">
        <text>,</text>
      </w>
      <w n="2-74">
        <text>Ἀργέστης</text>
        <refs nrefs="9-5"/>
      </w>
      <w n="2-75">
        <text>,</text>
      </w>
      <w n="2-76">
        <text>ἤτοι</text>
        <refs nrefs="9-8"/>
      </w>
      <w n="2-77">
        <text>Ὀλυμπίας</text>
        <refs nrefs="9-9"/>
      </w>
      <w n="2-78">
        <text>·</text>
      </w>
      <w n="2-79">
        <text>εἶτα</text>
        <refs nrefs="9-12"/>
      </w>
      <w n="2-80">
        <text>Νότος</text>
        <refs nrefs="9-13"/>
      </w>
      <w n="2-81">
        <text>καὶ</text>
        <refs nrefs="9-15"/>
      </w>
      <w n="2-82">
        <text>Ἀπαρκτίας</text>
        <refs nrefs="9-16 9-18"/>
      </w>
      <w n="2-83">
        <text>162v</text>
      </w>
      <w n="2-84">
        <text>ἀντιπνέοντες</text>
        <refs nrefs="9-19 9-20 9-21 9-22"/>
      </w>
      <w n="2-85">
        <text>.</text>
      </w>
      <w n="3-1">
        <text>γίνονται</text>
        <refs nrefs="10-4"/>
      </w>
      <w n="3-2">
        <text>οὖν</text>
        <refs nrefs="10-2"/>
      </w>
      <w n="3-3">
        <text>ὀκτώ</text>
        <refs nrefs="10-3"/>
      </w>
      <w n="3-4">
        <text>.</text>
      </w>
    </wds>
    <wds lnum="L2">
      <comment xmlns:ns_1="http://www.w3.org/1999/xlink" class="uri"/>
      <w n="1-1">
        <text>6</text>
      </w>
      <w n="1-2">
        <text>.</text>
      </w>
      <w n="2-1">
        <text>Venti</text>
        <refs nrefs="2-1"/>
      </w>
      <w n="2-2">
        <text>autem</text>
        <refs nrefs="2-2"/>
      </w>
      <w n="2-3">
        <text>hoc</text>
      </w>
      <w n="2-4">
        <text>modo</text>
      </w>
      <w n="2-5">
        <text>spirant</text>
        <refs nrefs="2-3"/>
      </w>
      <w n="2-6">
        <text>;</text>
      </w>
      <w n="3-1">
        <text>ab</text>
        <refs nrefs="2-4"/>
      </w>
      <w n="3-2">
        <text>ortu</text>
        <refs nrefs="2-7"/>
      </w>
      <w n="3-3">
        <text>aequinoctiali</text>
        <refs nrefs="2-6"/>
      </w>
      <w n="3-4">
        <text>Subsolanus</text>
        <comment class="mark">'Apeliotes sive' ante 'Subsolanus' H1</comment>
        <refs nrefs="2-9"/>
      </w>
      <w n="3-5">
        <text>:</text>
      </w>
      <w n="4-1">
        <text>ab</text>
        <refs nrefs="2-11"/>
      </w>
      <w n="4-2">
        <text>occasu</text>
        <refs nrefs="2-14"/>
      </w>
      <w n="4-3">
        <text>aequinoctiali</text>
        <refs nrefs="2-13"/>
      </w>
      <w n="4-4">
        <text>Favonius</text>
        <refs nrefs="2-16"/>
      </w>
      <w n="4-5">
        <text>:</text>
      </w>
      <w n="5-1">
        <text>a</text>
        <refs nrefs="2-18"/>
      </w>
      <w n="5-2">
        <text>meridie</text>
        <refs nrefs="2-20"/>
      </w>
      <w n="5-3">
        <text>Auster</text>
        <refs nrefs="2-22"/>
      </w>
      <w n="5-4">
        <text>:</text>
      </w>
      <w n="6-1">
        <text>a</text>
        <refs nrefs="2-24"/>
      </w>
      <w n="6-2">
        <text>septentrione</text>
        <refs nrefs="2-26"/>
      </w>
      <w n="6-3">
        <text>Septentrionarius</text>
        <refs nrefs="2-28"/>
      </w>
      <w n="6-4">
        <text>.</text>
      </w>
      <w n="7-1">
        <text>Ab</text>
        <refs nrefs="2-30"/>
      </w>
      <w n="7-2">
        <text>aestivo</text>
        <refs nrefs="2-33"/>
      </w>
      <w n="7-3">
        <text>autem</text>
        <refs nrefs="2-31"/>
      </w>
      <w n="7-4">
        <text>ortu</text>
        <comment class="mark">solstitio H1</comment>
        <refs nrefs="2-32"/>
      </w>
      <w n="7-5">
        <text>Caecius</text>
        <refs nrefs="2-35"/>
      </w>
      <w n="7-6">
        <text>,</text>
      </w>
      <w n="7-7">
        <text>ab</text>
        <refs nrefs="2-39"/>
      </w>
      <w n="7-8">
        <text>exortu</text>
        <refs nrefs="2-41"/>
      </w>
      <w n="7-9">
        <text>aequinoctiali</text>
        <refs nrefs="2-40"/>
      </w>
      <w n="7-10">
        <text>Subsolanus</text>
        <refs nrefs="2-43"/>
      </w>
      <w n="7-11">
        <text>,</text>
      </w>
      <w n="7-12">
        <text>a</text>
        <refs nrefs="2-46"/>
      </w>
      <w n="7-13">
        <text>brumali</text>
        <refs nrefs="2-47"/>
      </w>
      <w n="7-14">
        <text>autem</text>
        <refs nrefs="2-45"/>
      </w>
      <w n="7-15">
        <text>Eurus</text>
        <refs nrefs="2-49"/>
      </w>
      <w n="7-16">
        <text>sive</text>
      </w>
      <w n="7-17">
        <text>Vulturnus</text>
        <refs nrefs="2-49"/>
      </w>
      <w n="7-18">
        <text>.</text>
      </w>
      <w n="8-1">
        <text>Sed</text>
        <refs nrefs="2-52"/>
      </w>
      <w n="8-2">
        <text>occidentales</text>
        <refs nrefs="2-51"/>
      </w>
      <w n="8-3">
        <text>venti</text>
      </w>
      <w n="8-4">
        <text>,</text>
      </w>
      <w n="8-5">
        <text>ab</text>
        <refs nrefs="2-53"/>
      </w>
      <w n="8-6">
        <text>Occasu</text>
        <refs nrefs="2-55"/>
      </w>
      <w n="8-7">
        <text>quidem</text>
        <refs nrefs="2-54"/>
      </w>
      <w n="8-8">
        <text>brumali</text>
        <refs nrefs="2-56"/>
      </w>
      <w n="8-9">
        <text>Africus</text>
        <refs nrefs="2-58"/>
      </w>
      <w n="8-10">
        <text>,</text>
      </w>
      <w n="8-11">
        <text>deinceps</text>
        <refs nrefs="2-61 2-62"/>
      </w>
      <w n="8-12">
        <text>ab</text>
        <refs nrefs="2-63"/>
      </w>
      <w n="8-13">
        <text>occasu</text>
        <refs nrefs="2-64"/>
      </w>
      <w n="8-14">
        <text>aequinoctiali</text>
        <refs nrefs="2-65"/>
      </w>
      <w n="8-15">
        <text>Favonius</text>
        <comment class="mark">Zephyrus (quem Favonium appellati Latinis antea diximus) H1</comment>
        <refs nrefs="2-67"/>
      </w>
      <w n="8-16">
        <text>:</text>
      </w>
      <w n="9-1">
        <text>ab</text>
        <refs nrefs="2-69"/>
      </w>
      <w n="9-2">
        <text>aestivo</text>
        <refs nrefs="2-72"/>
      </w>
      <w n="9-3">
        <text>autem</text>
      </w>
      <w n="9-4">
        <text>occasu</text>
        <refs nrefs="2-71"/>
      </w>
      <w n="9-5">
        <text>Caurus</text>
        <refs nrefs="2-74"/>
      </w>
      <w n="9-6">
        <text>,</text>
      </w>
      <w n="9-7">
        <text>qui</text>
      </w>
      <w n="9-8">
        <text>et</text>
        <refs nrefs="2-76"/>
      </w>
      <w n="9-9">
        <text>Olÿmpias</text>
        <refs nrefs="2-77"/>
      </w>
      <w n="9-10">
        <text>vocatur</text>
      </w>
      <w n="9-11">
        <text>,</text>
      </w>
      <w n="9-12">
        <text>deinde</text>
        <refs nrefs="2-79"/>
      </w>
      <w n="9-13">
        <text>Auster</text>
        <refs nrefs="2-80"/>
      </w>
      <w n="9-14">
        <text>,</text>
      </w>
      <w n="9-15">
        <text>et</text>
        <refs nrefs="2-81"/>
      </w>
      <w n="9-16">
        <text>Aparctias</text>
        <refs nrefs="2-82"/>
      </w>
      <w n="9-17">
        <text>sive</text>
      </w>
      <w n="9-18">
        <text>septentrionalis</text>
        <refs nrefs="2-82"/>
      </w>
      <w n="9-19">
        <text>ex</text>
        <refs nrefs="2-84"/>
      </w>
      <w n="9-20">
        <text>adverso</text>
        <refs nrefs="2-84"/>
      </w>
      <w n="9-21">
        <text>invicem</text>
        <refs nrefs="2-84"/>
      </w>
      <w n="9-22">
        <text>spirant</text>
        <refs nrefs="2-84"/>
      </w>
      <w n="9-23">
        <text>.</text>
      </w>
      <w n="10-1">
        <text>atque</text>
      </w>
      <w n="10-2">
        <text>ita</text>
        <refs nrefs="3-2"/>
      </w>
      <w n="10-3">
        <text>octo</text>
        <refs nrefs="3-3"/>
      </w>
      <w n="10-4">
        <text>ﬁunt</text>
        <refs nrefs="3-1"/>
      </w>
      <w n="10-5">
        <text>venti</text>
      </w>
      <w n="10-6">
        <text>.</text>
      </w>
    </wds>
  </sentence>
</aligned-text>