<aligned-text xmlns="http://alpheios.net/namespaces/aligned-text">
  <language lnum="L1" xml:lang="grc" dir="ltr"/>
  <language lnum="L2" xml:lang="grc" dir="ltr"/>
  <sentence id="1" document_id="">
    <wds lnum="L1">
      <comment xmlns:ns_1="http://www.w3.org/1999/xlink" class="uri"/>
      <w n="1-1">
        <text>Ἔθνη</text>
        <refs nrefs="1-1"/>
      </w>
      <w n="1-2">
        <text>δὲ</text>
        <refs nrefs="1-2"/>
      </w>
      <w n="1-3">
        <text>οἰκεῖ</text>
        <refs nrefs="1-3"/>
      </w>
      <w n="1-4">
        <text>τὰ</text>
        <refs nrefs="1-4"/>
      </w>
      <w n="1-5">
        <text>πέρατα·</text>
        <refs nrefs="1-5"/>
      </w>
      <w n="1-6">
        <text>κατ᾿</text>
        <refs nrefs="1-7"/>
      </w>
      <w n="1-7">
        <text>ἀπηλιώτην</text>
        <refs nrefs="1-8"/>
      </w>
      <w n="1-8">
        <text>Βακτριανοί</text>
        <refs nrefs="1-10"/>
      </w>
      <w n="1-9">
        <text>,</text>
      </w>
      <w n="1-10">
        <text>κατ’</text>
        <refs nrefs="1-11"/>
      </w>
      <w n="1-11">
        <text>εὖρον</text>
        <refs nrefs="1-12"/>
      </w>
      <w n="1-12">
        <text>Ἰνδοί</text>
        <refs nrefs="1-14"/>
      </w>
      <w n="1-13">
        <text>,</text>
      </w>
      <w n="1-14">
        <text>κατὰ</text>
        <refs nrefs="1-15"/>
      </w>
      <w n="1-15">
        <text>Φοίνικα</text>
        <refs nrefs="1-16"/>
      </w>
      <w n="1-16">
        <text>Ἐρυθρὰ</text>
        <refs nrefs="1-18"/>
      </w>
      <w n="1-17">
        <text>θάλασσα</text>
        <refs nrefs="1-19"/>
      </w>
      <w n="1-18">
        <text>καί</text>
        <refs nrefs="1-20"/>
      </w>
      <w n="1-19">
        <text>Αἰθιοπία</text>
        <refs nrefs="1-21"/>
      </w>
      <w n="1-20">
        <text>,</text>
      </w>
      <w n="1-21">
        <text>κατὰ</text>
        <refs nrefs="1-29"/>
      </w>
      <w n="1-22">
        <text>λευκόνοτον</text>
        <refs nrefs="1-33"/>
      </w>
      <w n="1-23">
        <text>οἱ</text>
        <refs nrefs="1-35"/>
      </w>
      <w n="1-24">
        <text>ὑπὲρ</text>
        <refs nrefs="1-36"/>
      </w>
      <w n="1-25">
        <text>Σύρτιν</text>
        <refs nrefs="1-37"/>
      </w>
      <w n="1-26">
        <text>Γεράμαντες</text>
        <refs nrefs="1-38"/>
      </w>
      <w n="1-27">
        <text>,</text>
      </w>
      <w n="1-28">
        <text>κατὰ</text>
        <refs nrefs="1-39"/>
      </w>
      <w n="1-29">
        <text>λίβα</text>
        <refs nrefs="1-40"/>
      </w>
      <w n="1-30">
        <text>Αἰθίοπες</text>
        <refs nrefs="1-42"/>
      </w>
      <w n="1-31">
        <text>καὶ</text>
        <refs nrefs="1-43"/>
      </w>
      <w n="1-32">
        <text>δυσμικοὶ</text>
        <refs nrefs="1-44"/>
      </w>
      <w n="1-33">
        <text>Ὑπέρμαυροι</text>
        <refs nrefs="1-45"/>
      </w>
      <w n="1-34">
        <text>,</text>
      </w>
      <w n="1-35">
        <text>κατὰ</text>
        <refs nrefs="2-1"/>
      </w>
      <w n="1-36">
        <text>ζέφυρον</text>
        <refs nrefs="2-2"/>
      </w>
      <w n="1-37">
        <text>Στῆλαι</text>
        <refs nrefs="2-4"/>
      </w>
      <w n="1-38">
        <text>καὶ</text>
        <refs nrefs="2-5"/>
      </w>
      <w n="1-39">
        <text>ἀρχαὶ</text>
        <refs nrefs="2-6"/>
      </w>
      <w n="1-40">
        <text>Λιβύης</text>
        <refs nrefs="2-7"/>
      </w>
      <w n="1-41">
        <text>καὶ</text>
        <refs nrefs="2-8"/>
      </w>
      <w n="1-42">
        <text>Εὐρώπης</text>
        <refs nrefs="2-9"/>
      </w>
      <w n="1-43">
        <text>,</text>
      </w>
      <w n="1-44">
        <text>κατὰ</text>
        <refs nrefs="2-10"/>
      </w>
      <w n="1-45">
        <text>ἀργέστην</text>
        <refs nrefs="2-11"/>
      </w>
      <w n="1-46">
        <text>Ἰβηρία</text>
        <refs nrefs="2-13"/>
      </w>
      <w n="1-47">
        <text>ἡ</text>
        <refs nrefs="2-14"/>
      </w>
      <w n="1-48">
        <text>νῦν</text>
        <refs nrefs="2-15"/>
      </w>
      <w n="1-49">
        <text>Ἱσπανία</text>
        <refs nrefs="2-16"/>
      </w>
      <w n="1-50">
        <text>,</text>
      </w>
      <w n="1-51">
        <text>κατὰ</text>
        <refs nrefs="3-4"/>
      </w>
      <w n="1-52">
        <text>δὲ</text>
        <refs nrefs="3-5"/>
      </w>
      <w n="1-53">
        <text>θρασκίαν</text>
        <refs nrefs="3-6"/>
      </w>
      <w n="1-54">
        <text>Κελτοὶ</text>
      </w>
      <w n="1-55">
        <text>καὶ</text>
      </w>
      <w n="1-56">
        <text>τὰ</text>
      </w>
      <w n="1-57">
        <text>ὅμορα</text>
      </w>
      <w n="1-58">
        <text>,</text>
      </w>
      <w n="1-59">
        <text>κατὰ</text>
      </w>
      <w n="1-60">
        <text>ἀπαρκτίαν</text>
      </w>
      <w n="1-61">
        <text>οἱ</text>
        <refs nrefs="3-7"/>
      </w>
      <w n="1-62">
        <text>ὑπὲρ</text>
        <refs nrefs="3-8"/>
      </w>
      <w n="1-63">
        <text>Θρᾴκην</text>
        <refs nrefs="3-9"/>
      </w>
      <w n="1-64">
        <text>Σκύθαι</text>
        <refs nrefs="3-10"/>
      </w>
      <w n="1-65">
        <text>,</text>
      </w>
      <w n="1-66">
        <text>κατὰ</text>
        <refs nrefs="3-12"/>
      </w>
      <w n="1-67">
        <text>βορρᾶν</text>
        <refs nrefs="3-14"/>
      </w>
      <w n="1-68">
        <text>Πόντος</text>
        <refs nrefs="3-16"/>
      </w>
      <w n="1-69">
        <text>Μαιῶτις</text>
        <refs nrefs="3-17"/>
      </w>
      <w n="1-70">
        <text>καὶ</text>
      </w>
      <w n="1-71">
        <text>Σαρμάται</text>
        <refs nrefs="3-18"/>
      </w>
      <w n="1-72">
        <text>,</text>
      </w>
      <w n="1-73">
        <text>κατὰ</text>
        <refs nrefs="4-1"/>
      </w>
      <w n="1-74">
        <text>καικίαν</text>
        <refs nrefs="4-2"/>
      </w>
      <w n="1-75">
        <text>Κασπία</text>
        <refs nrefs="4-4"/>
      </w>
      <w n="1-76">
        <text>θάλασσα</text>
        <refs nrefs="4-5"/>
      </w>
      <w n="1-77">
        <text>καὶ</text>
        <refs nrefs="4-6"/>
      </w>
      <w n="1-78">
        <text>Σάκες</text>
        <refs nrefs="4-7"/>
      </w>
      <w n="1-79">
        <text>.</text>
      </w>
    </wds>
    <wds lnum="L2">
      <comment xmlns:ns_1="http://www.w3.org/1999/xlink" class="uri"/>
      <w n="1-1">
        <text>ἔθνη</text>
        <refs nrefs="1-1"/>
      </w>
      <w n="1-2">
        <text>δὲ</text>
        <refs nrefs="1-2"/>
      </w>
      <w n="1-3">
        <text>οἰκεῖν</text>
        <refs nrefs="1-3"/>
      </w>
      <w n="1-4">
        <text>τὰ</text>
        <refs nrefs="1-4"/>
      </w>
      <w n="1-5">
        <text>πέρατα</text>
        <refs nrefs="1-5"/>
      </w>
      <w n="1-6">
        <text>,</text>
      </w>
      <w n="1-7">
        <text>κατ᾿</text>
        <refs nrefs="1-6"/>
      </w>
      <w n="1-8">
        <text>ἀπηλιώτην</text>
        <refs nrefs="1-7"/>
      </w>
      <w n="1-9">
        <text>,</text>
      </w>
      <w n="1-10">
        <text>βακτριανούς·</text>
        <refs nrefs="1-8"/>
      </w>
      <w n="1-11">
        <text>κατ᾿</text>
        <refs nrefs="1-10"/>
      </w>
      <w n="1-12">
        <text>εὖρον</text>
        <refs nrefs="1-11"/>
      </w>
      <w n="1-13">
        <text>,</text>
      </w>
      <w n="1-14">
        <text>ἰνδούς·</text>
        <refs nrefs="1-12"/>
      </w>
      <w n="1-15">
        <text>κατὰ</text>
        <refs nrefs="1-14"/>
      </w>
      <w n="1-16">
        <text>φοίνικα</text>
        <refs nrefs="1-15"/>
      </w>
      <w n="1-17">
        <text>,</text>
      </w>
      <w n="1-18">
        <text>ἐρυθρὰν</text>
        <refs nrefs="1-16"/>
      </w>
      <w n="1-19">
        <text>θάλασσαν</text>
        <refs nrefs="1-17"/>
      </w>
      <w n="1-20">
        <text>καὶ</text>
        <refs nrefs="1-18"/>
      </w>
      <w n="1-21">
        <text>αἰθιοπίαν·</text>
        <refs nrefs="1-19"/>
      </w>
      <w n="1-22">
        <text>κατὰ</text>
      </w>
      <w n="1-23">
        <text>νότον</text>
      </w>
      <w n="1-24">
        <text>,</text>
      </w>
      <w n="1-25">
        <text>τὴν</text>
      </w>
      <w n="1-26">
        <text>ὑπὲρ</text>
      </w>
      <w n="1-27">
        <text>αἴγυπτον</text>
      </w>
      <w n="1-28">
        <text>αἰθιοπίαν·</text>
      </w>
      <w n="1-29">
        <text>κατατὰ</text>
        <refs nrefs="1-21"/>
      </w>
      <w n="1-30">
        <text>(</text>
      </w>
      <w n="1-31">
        <text>sic</text>
      </w>
      <w n="1-32">
        <text>)</text>
      </w>
      <w n="1-33">
        <text>λευκόνοτον</text>
        <refs nrefs="1-22"/>
      </w>
      <w n="1-34">
        <text>,</text>
      </w>
      <w n="1-35">
        <text>τοὺς</text>
        <refs nrefs="1-23"/>
      </w>
      <w n="1-36">
        <text>ὑπὲρ</text>
        <refs nrefs="1-24"/>
      </w>
      <w n="1-37">
        <text>σύρτεις</text>
        <refs nrefs="1-25"/>
      </w>
      <w n="1-38">
        <text>γαράμαντας·</text>
        <refs nrefs="1-26"/>
      </w>
      <w n="1-39">
        <text>κατὰ</text>
        <refs nrefs="1-28"/>
      </w>
      <w n="1-40">
        <text>λίβα</text>
        <refs nrefs="1-29"/>
      </w>
      <w n="1-41">
        <text>,</text>
      </w>
      <w n="1-42">
        <text>αἰθίοπας</text>
        <refs nrefs="1-30"/>
      </w>
      <w n="1-43">
        <text>καὶ</text>
        <refs nrefs="1-31"/>
      </w>
      <w n="1-44">
        <text>δυσμικοὺς</text>
        <refs nrefs="1-32"/>
      </w>
      <w n="1-45">
        <text>ὑπερμαύρους</text>
        <refs nrefs="1-33"/>
      </w>
      <w n="1-46">
        <text>.</text>
      </w>
      <w n="2-1">
        <text>κατὰ</text>
        <refs nrefs="1-35"/>
      </w>
      <w n="2-2">
        <text>ζέφυρον</text>
        <refs nrefs="1-36"/>
      </w>
      <w n="2-3">
        <text>,</text>
      </w>
      <w n="2-4">
        <text>στήλας·</text>
        <refs nrefs="1-37"/>
      </w>
      <w n="2-5">
        <text>καὶ</text>
        <refs nrefs="1-38"/>
      </w>
      <w n="2-6">
        <text>ἀρχὰς</text>
        <refs nrefs="1-39"/>
      </w>
      <w n="2-7">
        <text>λιβύης</text>
        <refs nrefs="1-40"/>
      </w>
      <w n="2-8">
        <text>καὶ</text>
        <refs nrefs="1-41"/>
      </w>
      <w n="2-9">
        <text>εὐρώπης·</text>
        <refs nrefs="1-42"/>
      </w>
      <w n="2-10">
        <text>κατὰ</text>
        <refs nrefs="1-44"/>
      </w>
      <w n="2-11">
        <text>ἀργέστην</text>
        <refs nrefs="1-45"/>
      </w>
      <w n="2-12">
        <text>,</text>
      </w>
      <w n="2-13">
        <text>ἰβηρίαν</text>
        <refs nrefs="1-46"/>
      </w>
      <w n="2-14">
        <text>τὴν</text>
        <refs nrefs="1-47"/>
      </w>
      <w n="2-15">
        <text>νῦν</text>
        <refs nrefs="1-48"/>
      </w>
      <w n="2-16">
        <text>ἰσπανίαν</text>
        <refs nrefs="1-49"/>
      </w>
      <w n="2-17">
        <text>(</text>
      </w>
      <w n="2-18">
        <text>scil</text>
      </w>
      <w n="2-19">
        <text>.</text>
      </w>
      <w n="3-1">
        <text>ἱσπανίαν</text>
      </w>
      <w n="3-2">
        <text>)</text>
      </w>
      <w n="3-3">
        <text>·</text>
      </w>
      <w n="3-4">
        <text>κατὰ</text>
        <refs nrefs="1-51"/>
      </w>
      <w n="3-5">
        <text>δὲ</text>
        <refs nrefs="1-52"/>
      </w>
      <w n="3-6">
        <text>θρασκίαν</text>
        <refs nrefs="1-53"/>
      </w>
      <w n="3-7">
        <text>τοὺς</text>
        <refs nrefs="1-61"/>
      </w>
      <w n="3-8">
        <text>ὑπὲρ</text>
        <refs nrefs="1-62"/>
      </w>
      <w n="3-9">
        <text>θράκην</text>
        <refs nrefs="1-63"/>
      </w>
      <w n="3-10">
        <text>σκύθας</text>
        <refs nrefs="1-64"/>
      </w>
      <w n="3-11">
        <text>,</text>
      </w>
      <w n="3-12">
        <text>κατὰ</text>
        <refs nrefs="1-66"/>
      </w>
      <w n="3-13">
        <text>δὲ</text>
      </w>
      <w n="3-14">
        <text>βορρᾶν</text>
        <refs nrefs="1-67"/>
      </w>
      <w n="3-15">
        <text>,</text>
      </w>
      <w n="3-16">
        <text>πόντον·</text>
        <refs nrefs="1-68"/>
      </w>
      <w n="3-17">
        <text>μαιῶτιν·</text>
        <refs nrefs="1-69"/>
      </w>
      <w n="3-18">
        <text>σαρμάτας</text>
        <refs nrefs="1-71"/>
      </w>
      <w n="3-19">
        <text>.</text>
      </w>
      <w n="4-1">
        <text>κατὰ</text>
        <refs nrefs="1-73"/>
      </w>
      <w n="4-2">
        <text>καικίαν</text>
        <refs nrefs="1-74"/>
      </w>
      <w n="4-3">
        <text>,</text>
      </w>
      <w n="4-4">
        <text>κασπίαν</text>
        <refs nrefs="1-75"/>
      </w>
      <w n="4-5">
        <text>θάλασσαν</text>
        <refs nrefs="1-76"/>
      </w>
      <w n="4-6">
        <text>καὶ</text>
        <refs nrefs="1-77"/>
      </w>
      <w n="4-7">
        <text>σάκας</text>
        <refs nrefs="1-78"/>
      </w>
      <w n="4-8">
        <text>.</text>
      </w>
    </wds>
  </sentence>
</aligned-text>