<aligned-text xmlns="http://alpheios.net/namespaces/aligned-text">
  <language lnum="L1" xml:lang="grc" dir="ltr"/>
  <language lnum="L2" xml:lang="lat" dir="ltr"/>
  <sentence id="1" document_id="">
    <wds lnum="L1">
      <comment xmlns:ns_1="http://www.w3.org/1999/xlink" class="uri"/>
      <w n="1-1">
        <text>πλάτος</text>
        <refs nrefs="1-1"/>
      </w>
      <w n="1-2">
        <text>δὲ</text>
        <refs nrefs="1-2"/>
      </w>
      <w n="1-3">
        <text>τῆς</text>
        <refs nrefs="1-3 1-4"/>
      </w>
      <w n="1-4">
        <text>οἰκουμένης</text>
        <refs nrefs="1-3 1-4"/>
      </w>
      <w n="1-5">
        <text>ἀπὸ</text>
        <refs nrefs="1-5"/>
      </w>
      <w n="1-6">
        <text>τῆς</text>
        <refs nrefs="1-6"/>
      </w>
      <w n="1-7">
        <text>Αἰθιοπικῆς</text>
        <refs nrefs="1-6"/>
      </w>
      <w n="1-8">
        <text>θαλάσσης</text>
        <refs nrefs="1-7"/>
      </w>
      <w n="1-9">
        <text>ἐπὶ</text>
        <refs nrefs="1-8"/>
      </w>
      <w n="1-10">
        <text>τὴν</text>
        <refs nrefs="1-9"/>
      </w>
      <w n="1-11">
        <text>Μερόην</text>
        <refs nrefs="1-9"/>
      </w>
      <w n="1-12">
        <text>σταδίων</text>
        <refs nrefs="1-10"/>
      </w>
      <w n="1-13">
        <text>ˏε</text>
        <refs nrefs="1-11 1-12"/>
      </w>
      <w n="1-14">
        <text>·</text>
      </w>
      <w n="1-15">
        <text>ἀπὸ</text>
        <refs nrefs="1-13"/>
      </w>
      <w n="1-16">
        <text>Μερόης</text>
        <refs nrefs="1-14"/>
      </w>
      <w n="1-17">
        <text>εἰς</text>
        <refs nrefs="1-16"/>
      </w>
      <w n="1-18">
        <text>Ἀλεξάνδρειαν</text>
        <refs nrefs="1-15"/>
      </w>
      <w n="1-19">
        <text>σταδίων</text>
        <refs nrefs="1-17"/>
      </w>
      <w n="1-20">
        <text>μυρίων</text>
        <refs nrefs="1-19"/>
      </w>
      <w n="1-21">
        <text>ˏα</text>
      </w>
      <w n="1-22">
        <text>·</text>
      </w>
      <w n="1-23">
        <text>ἀπὸ</text>
        <refs nrefs="1-20"/>
      </w>
      <w n="1-24">
        <text>δὲ</text>
      </w>
      <w n="1-25">
        <text>Ἀλεξανδρείας</text>
        <refs nrefs="1-21"/>
      </w>
      <w n="1-26">
        <text>ἐπὶ</text>
        <refs nrefs="1-22"/>
      </w>
      <w n="1-27">
        <text>Τάναϊν</text>
        <refs nrefs="1-23"/>
      </w>
      <w n="1-28">
        <text>μυρίων</text>
        <refs nrefs="1-25"/>
      </w>
      <w n="1-29">
        <text>ˏανϚˊ</text>
        <refs nrefs="1-24 1-26"/>
      </w>
      <w n="1-30">
        <text>(</text>
        <refs nrefs="1-27"/>
      </w>
      <w n="1-31">
        <text>τὰ</text>
        <refs nrefs="1-28"/>
      </w>
      <w n="1-32">
        <text>γὰρ</text>
        <refs nrefs="1-29"/>
      </w>
      <w n="1-33">
        <text>ἄνω</text>
        <refs nrefs="1-30"/>
      </w>
      <w n="1-34">
        <text>τῶν</text>
        <refs nrefs="1-33"/>
      </w>
      <w n="1-35">
        <text>ἐκβολῶν</text>
        <refs nrefs="1-33"/>
      </w>
      <w n="1-36">
        <text>τοῦ</text>
        <refs nrefs="1-31"/>
      </w>
      <w n="1-37">
        <text>Τανάϊδος</text>
        <refs nrefs="1-31"/>
      </w>
      <w n="1-38">
        <text>ἀγνοεῖται</text>
        <refs nrefs="1-37 1-38"/>
      </w>
      <w n="1-39">
        <text>εἰς</text>
        <refs nrefs="1-35"/>
      </w>
      <w n="1-40">
        <text>Βοῤῥᾶν</text>
        <refs nrefs="1-36"/>
      </w>
      <w n="1-41">
        <text>.</text>
      </w>
      <w n="2-1">
        <text>)</text>
        <refs nrefs="1-39"/>
      </w>
      <w n="2-2">
        <text>οὕτως</text>
        <refs nrefs="2-2 2-3"/>
      </w>
      <w n="2-3">
        <text>·</text>
      </w>
      <w n="2-4">
        <text>ἀπὸ</text>
        <refs nrefs="3-1"/>
      </w>
      <w n="2-5">
        <text>Ἀλεξανδρείας</text>
        <refs nrefs="3-2"/>
      </w>
      <w n="2-6">
        <text>εἰς</text>
        <refs nrefs="3-3"/>
      </w>
      <w n="2-7">
        <text>Λίνδον</text>
        <refs nrefs="3-4"/>
      </w>
      <w n="2-8">
        <text>Ῥόδου</text>
        <refs nrefs="3-5"/>
      </w>
      <w n="2-9">
        <text>στάδια</text>
        <refs nrefs="3-7"/>
      </w>
      <w n="2-10">
        <text>ˏδφˊ</text>
        <refs nrefs="3-9 3-10 3-11"/>
      </w>
      <w n="2-11">
        <text>·</text>
      </w>
      <w n="2-12">
        <text>ἐπὶ</text>
        <refs nrefs="3-13"/>
      </w>
      <w n="2-13">
        <text>τὸ</text>
        <refs nrefs="3-14"/>
      </w>
      <w n="2-14">
        <text>Θοάντιον</text>
        <refs nrefs="3-14"/>
      </w>
      <w n="2-15">
        <text>δεξιὸν</text>
        <refs nrefs="3-17 3-18"/>
      </w>
      <w n="2-16">
        <text>παραπλέοντι</text>
        <refs nrefs="3-19 3-20 3-21"/>
      </w>
      <w n="2-17">
        <text>Ῥόδον</text>
        <refs nrefs="3-16"/>
      </w>
      <w n="2-18">
        <text>στάδια</text>
        <refs nrefs="3-23"/>
      </w>
      <w n="2-19">
        <text>υˊ</text>
        <refs nrefs="3-24"/>
      </w>
      <w n="2-20">
        <text>·</text>
      </w>
      <w n="2-21">
        <text>ἐπὶ</text>
        <refs nrefs="3-26"/>
      </w>
      <w n="2-22">
        <text>Τῆλον</text>
        <refs nrefs="3-27"/>
      </w>
      <w n="2-23">
        <text>στάδια</text>
        <refs nrefs="3-28"/>
      </w>
      <w n="2-24">
        <text>ρξˊ</text>
        <refs nrefs="3-29"/>
      </w>
      <w n="2-25">
        <text>·</text>
      </w>
      <w n="2-26">
        <text>ἐπὶ</text>
        <refs nrefs="3-31"/>
      </w>
      <w n="2-27">
        <text>Λακτῆρα</text>
        <refs nrefs="3-32"/>
      </w>
      <w n="2-28">
        <text>τῆς</text>
        <refs nrefs="3-34"/>
      </w>
      <w n="2-29">
        <text>Κώας</text>
        <refs nrefs="3-34"/>
      </w>
      <w n="2-30">
        <text>στάδια</text>
        <refs nrefs="3-35"/>
      </w>
      <w n="2-31">
        <text>ρηˊ</text>
        <refs nrefs="3-36"/>
      </w>
      <w n="2-32">
        <text>·</text>
      </w>
      <w n="2-33">
        <text>ἐπὶ</text>
        <refs nrefs="3-38"/>
      </w>
      <w n="2-34">
        <text>Δρέπανον</text>
        <refs nrefs="3-39"/>
      </w>
      <w n="2-35">
        <text>Κώας</text>
        <refs nrefs="3-40"/>
      </w>
      <w n="2-36">
        <text>στάδια</text>
        <refs nrefs="3-41"/>
      </w>
      <w n="2-37">
        <text>ρˊ</text>
        <refs nrefs="3-42"/>
      </w>
      <w n="2-38">
        <text>·</text>
      </w>
      <w n="2-39">
        <text>ἐπὶ</text>
        <refs nrefs="3-43"/>
      </w>
      <w n="2-40">
        <text>Ἀρκίτιν</text>
        <refs nrefs="3-44"/>
      </w>
      <w n="2-41">
        <text>νῆσον</text>
        <refs nrefs="3-45"/>
      </w>
      <w n="2-42">
        <text>στάδια</text>
        <refs nrefs="3-46"/>
      </w>
      <w n="2-43">
        <text>σλˊ</text>
        <refs nrefs="3-47"/>
      </w>
      <w n="2-44">
        <text>·</text>
      </w>
      <w n="2-45">
        <text>ἐπὶ</text>
        <refs nrefs="3-49"/>
      </w>
      <w n="2-46">
        <text>Κορσίας</text>
        <refs nrefs="3-50"/>
      </w>
      <w n="2-47">
        <text>ρˊ</text>
        <refs nrefs="3-51"/>
      </w>
      <w n="2-48">
        <text>·</text>
      </w>
      <w n="2-49">
        <text>ἐπὶ</text>
        <refs nrefs="3-52"/>
      </w>
      <w n="2-50">
        <text>Σαμίων</text>
        <refs nrefs="3-54"/>
      </w>
      <w n="2-51">
        <text>ἄμπελον</text>
        <refs nrefs="3-53"/>
      </w>
      <w n="2-52">
        <text>στάδια</text>
        <refs nrefs="3-56"/>
      </w>
      <w n="2-53">
        <text>λˊ</text>
        <refs nrefs="3-57"/>
      </w>
      <w n="2-54">
        <text>·</text>
      </w>
      <w n="2-55">
        <text>ἐπὶ</text>
        <refs nrefs="3-59"/>
      </w>
      <w n="2-56">
        <text>τὸ</text>
      </w>
      <w n="2-57">
        <text>αἰγαῖον</text>
        <comment class="mark">an ἄκρον leg.? H</comment>
      </w>
      <w n="2-58">
        <text>Ἄργεννον</text>
        <refs nrefs="3-60"/>
      </w>
      <w n="2-59">
        <text>διὰ</text>
        <refs nrefs="3-62"/>
      </w>
      <w n="2-60">
        <text>τοῦ</text>
        <refs nrefs="3-64"/>
      </w>
      <w n="2-61">
        <text>Αἰγαίου</text>
        <refs nrefs="3-64"/>
      </w>
      <w n="2-62">
        <text>στάδια</text>
        <refs nrefs="3-65"/>
      </w>
      <w n="2-63">
        <text>φˊ</text>
        <refs nrefs="3-66"/>
      </w>
      <w n="2-64">
        <text>·</text>
      </w>
      <w n="2-65">
        <text>ἐπὶ</text>
        <refs nrefs="3-67"/>
      </w>
      <w n="2-66">
        <text>τὸ</text>
        <refs nrefs="3-68"/>
      </w>
      <w n="2-67">
        <text>Ἐρυθραῖον</text>
        <refs nrefs="3-68"/>
      </w>
      <w n="2-68">
        <text>Κορυναῖον</text>
        <refs nrefs="3-70"/>
      </w>
      <w n="2-69">
        <text>στάδια</text>
        <refs nrefs="3-71"/>
      </w>
      <w n="2-70">
        <text>σοˊ</text>
        <refs nrefs="3-72"/>
      </w>
      <w n="2-71">
        <text>·</text>
      </w>
      <w n="2-72">
        <text>ἐπὶ</text>
        <refs nrefs="3-74"/>
      </w>
      <w n="2-73">
        <text>Φλίον</text>
        <refs nrefs="3-75"/>
      </w>
      <w n="2-74">
        <text>ἄκρον</text>
        <refs nrefs="3-76"/>
      </w>
      <w n="2-75">
        <text>Χίου</text>
        <refs nrefs="3-77"/>
      </w>
      <w n="2-76">
        <text>στάδια</text>
        <refs nrefs="3-78"/>
      </w>
      <w n="2-77">
        <text>νˊ</text>
        <refs nrefs="3-79"/>
      </w>
      <w n="2-78">
        <text>·</text>
      </w>
      <w n="2-79">
        <text>ἐπὶ</text>
        <refs nrefs="3-80"/>
      </w>
      <w n="2-80">
        <text>Μελανέα</text>
        <refs nrefs="3-81"/>
      </w>
      <w n="2-81">
        <text>ἄκρον</text>
        <refs nrefs="3-82"/>
      </w>
      <w n="2-82">
        <text>Λέσβου</text>
        <refs nrefs="3-83"/>
      </w>
      <w n="2-83">
        <text>στάδια</text>
        <refs nrefs="3-84"/>
      </w>
      <w n="2-84">
        <text>υνˊ</text>
        <refs nrefs="3-85"/>
      </w>
      <w n="2-85">
        <text>·</text>
      </w>
      <w n="2-86">
        <text>ἐπὶ</text>
        <refs nrefs="3-87"/>
      </w>
      <w n="2-87">
        <text>Σίγριον</text>
        <comment class="mark">Σίγιον Alt. H</comment>
        <refs nrefs="3-88"/>
      </w>
      <w n="2-88">
        <text>Λέσβου</text>
        <refs nrefs="3-89"/>
      </w>
      <w n="2-89">
        <text>στάδια</text>
        <refs nrefs="3-90"/>
      </w>
      <w n="2-90">
        <text>φˊ</text>
        <refs nrefs="3-91"/>
      </w>
      <w n="2-91">
        <text>·</text>
      </w>
      <w n="2-92">
        <text>εἰς</text>
        <refs nrefs="3-92"/>
      </w>
      <w n="2-93">
        <text>Τένεδον</text>
        <refs nrefs="3-94"/>
      </w>
      <w n="2-94">
        <text>νῆσον</text>
        <refs nrefs="3-93"/>
      </w>
      <w n="2-95">
        <text>στάδια</text>
        <refs nrefs="3-95"/>
      </w>
      <w n="2-96">
        <text>υνˊ</text>
        <refs nrefs="3-96"/>
      </w>
      <w n="2-97">
        <text>·</text>
      </w>
      <w n="2-98">
        <text>εἰς</text>
        <refs nrefs="3-98"/>
      </w>
      <w n="2-99">
        <text>Σίγειον</text>
        <comment class="mark">H2 : Σίγιον H1</comment>
        <refs nrefs="3-99"/>
      </w>
      <w n="2-100">
        <text>στάδια</text>
        <refs nrefs="3-100"/>
      </w>
      <w n="2-101">
        <text>ρˊ</text>
        <refs nrefs="3-101"/>
      </w>
      <w n="2-102">
        <text>·</text>
      </w>
      <w n="2-103">
        <text>ἐπὶ</text>
        <refs nrefs="3-102"/>
      </w>
      <w n="2-104">
        <text>στόμα</text>
        <refs nrefs="3-103"/>
      </w>
      <w n="2-105">
        <text>Πόντου</text>
        <refs nrefs="3-104"/>
      </w>
      <w n="2-106">
        <text>στάδια</text>
        <refs nrefs="3-105"/>
      </w>
      <w n="2-107">
        <text>ˏβρˊ</text>
        <comment class="mark">βφ Alt. H</comment>
        <refs nrefs="3-106 3-107 3-108"/>
      </w>
      <w n="2-108">
        <text>·</text>
      </w>
      <w n="2-109">
        <text>ἐπὶ</text>
        <refs nrefs="3-109"/>
      </w>
      <w n="2-110">
        <text>Καράμβιν</text>
        <refs nrefs="3-110"/>
      </w>
      <w n="2-111">
        <text>στάδια</text>
        <refs nrefs="3-111"/>
      </w>
      <w n="2-112">
        <text>ˏβωˊ</text>
        <refs nrefs="3-112 3-113 3-114"/>
      </w>
      <w n="2-113">
        <text>·</text>
      </w>
      <w n="2-114">
        <text>ἐπὶ</text>
        <refs nrefs="3-116"/>
      </w>
      <w n="2-115">
        <text>στόμα</text>
        <refs nrefs="3-117"/>
      </w>
      <w n="2-116">
        <text>Μαιώτιδος</text>
        <refs nrefs="3-118"/>
      </w>
      <w n="2-117">
        <text>στάδια</text>
        <refs nrefs="3-120"/>
      </w>
      <w n="2-118">
        <text>ˏβφˊ</text>
        <refs nrefs="3-121 3-122 3-123"/>
      </w>
      <w n="2-119">
        <text>·</text>
      </w>
      <w n="2-120">
        <text>ἐπὶ</text>
        <refs nrefs="3-124"/>
      </w>
      <w n="2-121">
        <text>Τάναϊν</text>
        <refs nrefs="3-125"/>
      </w>
      <w n="2-122">
        <text>στάδια</text>
      </w>
      <w n="2-123">
        <text>ˏβσˊ</text>
        <refs nrefs="3-127 3-128 3-129"/>
      </w>
      <w n="2-124">
        <text>.</text>
      </w>
    </wds>
    <wds lnum="L2">
      <comment xmlns:ns_1="http://www.w3.org/1999/xlink" class="uri"/>
      <w n="1-1">
        <text>Latitudo</text>
        <refs nrefs="1-1"/>
      </w>
      <w n="1-2">
        <text>autem</text>
        <refs nrefs="1-2"/>
      </w>
      <w n="1-3">
        <text>terrae</text>
        <refs nrefs="1-3 1-4"/>
      </w>
      <w n="1-4">
        <text>habitatae</text>
        <refs nrefs="1-3 1-4"/>
      </w>
      <w n="1-5">
        <text>ab</text>
        <refs nrefs="1-5"/>
      </w>
      <w n="1-6">
        <text>Aethiopico</text>
        <refs nrefs="1-6 1-7"/>
      </w>
      <w n="1-7">
        <text>mari</text>
        <refs nrefs="1-8"/>
      </w>
      <w n="1-8">
        <text>ad</text>
        <refs nrefs="1-9"/>
      </w>
      <w n="1-9">
        <text>Meroën</text>
        <refs nrefs="1-10 1-11"/>
      </w>
      <w n="1-10">
        <text>stadiorum</text>
        <refs nrefs="1-12"/>
      </w>
      <w n="1-11">
        <text>V</text>
        <refs nrefs="1-13"/>
      </w>
      <w n="1-12">
        <text>M.</text>
        <refs nrefs="1-13"/>
      </w>
      <w n="1-13">
        <text>a</text>
        <refs nrefs="1-15"/>
      </w>
      <w n="1-14">
        <text>Meroë</text>
        <refs nrefs="1-16"/>
      </w>
      <w n="1-15">
        <text>Alexandriam</text>
        <refs nrefs="1-18"/>
      </w>
      <w n="1-16">
        <text>usque</text>
        <refs nrefs="1-17"/>
      </w>
      <w n="1-17">
        <text>stadiorum</text>
        <refs nrefs="1-19"/>
      </w>
      <w n="1-18">
        <text>XI</text>
      </w>
      <w n="1-19">
        <text>M.</text>
        <refs nrefs="1-20"/>
      </w>
      <w n="1-20">
        <text>ab</text>
        <refs nrefs="1-23"/>
      </w>
      <w n="1-21">
        <text>Alexandria</text>
        <refs nrefs="1-25"/>
      </w>
      <w n="1-22">
        <text>ad</text>
        <refs nrefs="1-26"/>
      </w>
      <w n="1-23">
        <text>Tanain</text>
        <refs nrefs="1-27"/>
      </w>
      <w n="1-24">
        <text>XI</text>
        <refs nrefs="1-29"/>
      </w>
      <w n="1-25">
        <text>M</text>
        <refs nrefs="1-28"/>
      </w>
      <w n="1-26">
        <text>LVI</text>
        <refs nrefs="1-29"/>
      </w>
      <w n="1-27">
        <text>(</text>
        <refs nrefs="1-30"/>
      </w>
      <w n="1-28">
        <text>quae</text>
        <refs nrefs="1-31"/>
      </w>
      <w n="1-29">
        <text>enim</text>
        <refs nrefs="1-32"/>
      </w>
      <w n="1-30">
        <text>supra</text>
        <refs nrefs="1-33"/>
      </w>
      <w n="1-31">
        <text>Tanais</text>
        <refs nrefs="1-36 1-37"/>
      </w>
      <w n="1-32">
        <text>fluvij</text>
      </w>
      <w n="1-33">
        <text>ostia</text>
        <refs nrefs="1-34 1-35"/>
      </w>
      <w n="1-34">
        <text>sunt</text>
      </w>
      <w n="1-35">
        <text>versus</text>
        <refs nrefs="1-39"/>
      </w>
      <w n="1-36">
        <text>Boream</text>
        <refs nrefs="1-40"/>
      </w>
      <w n="1-37">
        <text>incognita</text>
        <refs nrefs="1-38"/>
      </w>
      <w n="1-38">
        <text>sunt</text>
        <refs nrefs="1-38"/>
      </w>
      <w n="1-39">
        <text>)</text>
        <refs nrefs="2-1"/>
      </w>
      <w n="1-40">
        <text>.</text>
      </w>
      <w n="2-1">
        <text>id</text>
      </w>
      <w n="2-2">
        <text>hoc</text>
        <refs nrefs="2-2"/>
      </w>
      <w n="2-3">
        <text>modo</text>
        <refs nrefs="2-2"/>
      </w>
      <w n="2-4">
        <text>:</text>
      </w>
      <w n="3-1">
        <text>ab</text>
        <refs nrefs="2-4"/>
      </w>
      <w n="3-2">
        <text>Alexandria</text>
        <refs nrefs="2-5"/>
      </w>
      <w n="3-3">
        <text>ad</text>
        <refs nrefs="2-6"/>
      </w>
      <w n="3-4">
        <text>Lindum</text>
        <refs nrefs="2-7"/>
      </w>
      <w n="3-5">
        <text>Rhodi</text>
        <refs nrefs="2-8"/>
      </w>
      <w n="3-6">
        <text>oppidum</text>
      </w>
      <w n="3-7">
        <text>stadia</text>
        <refs nrefs="2-9"/>
      </w>
      <w n="3-8">
        <text>sunt</text>
      </w>
      <w n="3-9">
        <text>IV</text>
        <refs nrefs="2-10"/>
      </w>
      <w n="3-10">
        <text>M</text>
        <refs nrefs="2-10"/>
      </w>
      <w n="3-11">
        <text>D</text>
        <refs nrefs="2-10"/>
      </w>
      <w n="3-12">
        <text>inde</text>
      </w>
      <w n="3-13">
        <text>ad</text>
        <refs nrefs="2-12"/>
      </w>
      <w n="3-14">
        <text>Thoantium</text>
        <refs nrefs="2-13 2-14"/>
      </w>
      <w n="3-15">
        <text>(</text>
      </w>
      <w n="3-16">
        <text>Rhodo</text>
        <refs nrefs="2-17"/>
      </w>
      <w n="3-17">
        <text>a</text>
        <refs nrefs="2-15"/>
      </w>
      <w n="3-18">
        <text>dexteris</text>
        <refs nrefs="2-15"/>
      </w>
      <w n="3-19">
        <text>inter</text>
        <refs nrefs="2-16"/>
      </w>
      <w n="3-20">
        <text>navigandum</text>
        <refs nrefs="2-16"/>
      </w>
      <w n="3-21">
        <text>relicta</text>
        <refs nrefs="2-16"/>
      </w>
      <w n="3-22">
        <text>)</text>
      </w>
      <w n="3-23">
        <text>stadia</text>
        <refs nrefs="2-18"/>
      </w>
      <w n="3-24">
        <text>CCCC</text>
        <refs nrefs="2-19"/>
      </w>
      <w n="3-25">
        <text>.</text>
      </w>
      <w n="3-26">
        <text>ad</text>
        <refs nrefs="2-21"/>
      </w>
      <w n="3-27">
        <text>Telum</text>
        <refs nrefs="2-22"/>
      </w>
      <w n="3-28">
        <text>stadia</text>
        <refs nrefs="2-23"/>
      </w>
      <w n="3-29">
        <text>CLX</text>
        <refs nrefs="2-24"/>
      </w>
      <w n="3-30">
        <text>.</text>
      </w>
      <w n="3-31">
        <text>ad</text>
        <refs nrefs="2-26"/>
      </w>
      <w n="3-32">
        <text>Lacterem</text>
        <refs nrefs="2-27"/>
      </w>
      <w n="3-33">
        <text>promontorium</text>
      </w>
      <w n="3-34">
        <text>Coae</text>
        <refs nrefs="2-28 2-29"/>
      </w>
      <w n="3-35">
        <text>stadia</text>
        <refs nrefs="2-30"/>
      </w>
      <w n="3-36">
        <text>CVIII</text>
        <refs nrefs="2-31"/>
      </w>
      <w n="3-37">
        <text>.</text>
      </w>
      <w n="3-38">
        <text>ad</text>
        <refs nrefs="2-33"/>
      </w>
      <w n="3-39">
        <text>Drepanum</text>
        <refs nrefs="2-34"/>
      </w>
      <w n="3-40">
        <text>Coae</text>
        <refs nrefs="2-35"/>
      </w>
      <w n="3-41">
        <text>stadia</text>
        <refs nrefs="2-36"/>
      </w>
      <w n="3-42">
        <text>C.</text>
        <refs nrefs="2-37"/>
      </w>
      <w n="3-43">
        <text>ad</text>
        <refs nrefs="2-39"/>
      </w>
      <w n="3-44">
        <text>Arcitin</text>
        <refs nrefs="2-40"/>
      </w>
      <w n="3-45">
        <text>insulam</text>
        <refs nrefs="2-41"/>
      </w>
      <w n="3-46">
        <text>stadia</text>
        <refs nrefs="2-42"/>
      </w>
      <w n="3-47">
        <text>CCXXX</text>
        <refs nrefs="2-43"/>
      </w>
      <w n="3-48">
        <text>.</text>
      </w>
      <w n="3-49">
        <text>ad</text>
        <refs nrefs="2-45"/>
      </w>
      <w n="3-50">
        <text>Corassias</text>
        <refs nrefs="2-46"/>
      </w>
      <w n="3-51">
        <text>C.</text>
        <refs nrefs="2-47"/>
      </w>
      <w n="3-52">
        <text>ad</text>
        <refs nrefs="2-49"/>
      </w>
      <w n="3-53">
        <text>Ampelum</text>
        <refs nrefs="2-51"/>
      </w>
      <w n="3-54">
        <text>Samiorum</text>
        <refs nrefs="2-50"/>
      </w>
      <w n="3-55">
        <text>promontorium</text>
      </w>
      <w n="3-56">
        <text>stadia</text>
        <refs nrefs="2-52"/>
      </w>
      <w n="3-57">
        <text>XXX</text>
        <refs nrefs="2-53"/>
      </w>
      <w n="3-58">
        <text>.</text>
      </w>
      <w n="3-59">
        <text>ad</text>
        <refs nrefs="2-55"/>
      </w>
      <w n="3-60">
        <text>Argennum</text>
        <refs nrefs="2-58"/>
      </w>
      <w n="3-61">
        <text>promontorium</text>
      </w>
      <w n="3-62">
        <text>per</text>
        <refs nrefs="2-59"/>
      </w>
      <w n="3-63">
        <text>mare</text>
      </w>
      <w n="3-64">
        <text>Aegaeum</text>
        <refs nrefs="2-60 2-61"/>
      </w>
      <w n="3-65">
        <text>stadia</text>
        <refs nrefs="2-62"/>
      </w>
      <w n="3-66">
        <text>D.</text>
        <refs nrefs="2-63"/>
      </w>
      <w n="3-67">
        <text>ad</text>
        <refs nrefs="2-65"/>
      </w>
      <w n="3-68">
        <text>Erÿthraeum</text>
        <refs nrefs="2-66 2-67"/>
      </w>
      <w n="3-69">
        <text>promontorium</text>
      </w>
      <w n="3-70">
        <text>Corÿcaeum</text>
        <refs nrefs="2-68"/>
      </w>
      <w n="3-71">
        <text>stadia</text>
        <refs nrefs="2-69"/>
      </w>
      <w n="3-72">
        <text>CCLXX</text>
        <refs nrefs="2-70"/>
      </w>
      <w n="3-73">
        <text>.</text>
      </w>
      <w n="3-74">
        <text>ad</text>
        <refs nrefs="2-72"/>
      </w>
      <w n="3-75">
        <text>Phlium</text>
        <refs nrefs="2-73"/>
      </w>
      <w n="3-76">
        <text>promontorium</text>
        <refs nrefs="2-74"/>
      </w>
      <w n="3-77">
        <text>Chii</text>
        <refs nrefs="2-75"/>
      </w>
      <w n="3-78">
        <text>stadia</text>
        <refs nrefs="2-76"/>
      </w>
      <w n="3-79">
        <text>L.</text>
        <refs nrefs="2-77"/>
      </w>
      <w n="3-80">
        <text>ad</text>
        <refs nrefs="2-79"/>
      </w>
      <w n="3-81">
        <text>Melanea</text>
        <refs nrefs="2-80"/>
      </w>
      <w n="3-82">
        <text>promontorium</text>
        <refs nrefs="2-81"/>
      </w>
      <w n="3-83">
        <text>Lesbi</text>
        <refs nrefs="2-82"/>
      </w>
      <w n="3-84">
        <text>stadia</text>
        <refs nrefs="2-83"/>
      </w>
      <w n="3-85">
        <text>CCCCL</text>
        <refs nrefs="2-84"/>
      </w>
      <w n="3-86">
        <text>.</text>
      </w>
      <w n="3-87">
        <text>ad</text>
        <refs nrefs="2-86"/>
      </w>
      <w n="3-88">
        <text>Sigrium</text>
        <refs nrefs="2-87"/>
      </w>
      <w n="3-89">
        <text>Lesbi</text>
        <refs nrefs="2-88"/>
      </w>
      <w n="3-90">
        <text>stadia</text>
        <refs nrefs="2-89"/>
      </w>
      <w n="3-91">
        <text>D.</text>
        <refs nrefs="2-90"/>
      </w>
      <w n="3-92">
        <text>ad</text>
        <refs nrefs="2-92"/>
      </w>
      <w n="3-93">
        <text>insulam</text>
        <refs nrefs="2-94"/>
      </w>
      <w n="3-94">
        <text>Tenedum</text>
        <refs nrefs="2-93"/>
      </w>
      <w n="3-95">
        <text>stadia</text>
        <refs nrefs="2-95"/>
      </w>
      <w n="3-96">
        <text>CCCCL</text>
        <refs nrefs="2-96"/>
      </w>
      <w n="3-97">
        <text>.</text>
      </w>
      <w n="3-98">
        <text>ad</text>
        <refs nrefs="2-98"/>
      </w>
      <w n="3-99">
        <text>Sigaeum</text>
        <refs nrefs="2-99"/>
      </w>
      <w n="3-100">
        <text>stadia</text>
        <refs nrefs="2-100"/>
      </w>
      <w n="3-101">
        <text>C.</text>
        <refs nrefs="2-101"/>
      </w>
      <w n="3-102">
        <text>ad</text>
        <refs nrefs="2-103"/>
      </w>
      <w n="3-103">
        <text>ostium</text>
        <refs nrefs="2-104"/>
      </w>
      <w n="3-104">
        <text>Ponti</text>
        <refs nrefs="2-105"/>
      </w>
      <w n="3-105">
        <text>stadia</text>
        <refs nrefs="2-106"/>
      </w>
      <w n="3-106">
        <text>II</text>
        <refs nrefs="2-107"/>
      </w>
      <w n="3-107">
        <text>M</text>
        <refs nrefs="2-107"/>
      </w>
      <w n="3-108">
        <text>C.</text>
        <refs nrefs="2-107"/>
      </w>
      <w n="3-109">
        <text>ad</text>
        <refs nrefs="2-109"/>
      </w>
      <w n="3-110">
        <text>Carambim</text>
        <refs nrefs="2-110"/>
      </w>
      <w n="3-111">
        <text>stadia</text>
        <refs nrefs="2-111"/>
      </w>
      <w n="3-112">
        <text>II</text>
        <refs nrefs="2-112"/>
      </w>
      <w n="3-113">
        <text>M</text>
        <refs nrefs="2-112"/>
      </w>
      <w n="3-114">
        <text>DCCC</text>
        <refs nrefs="2-112"/>
      </w>
      <w n="3-115">
        <text>.</text>
      </w>
      <w n="3-116">
        <text>ad</text>
        <refs nrefs="2-114"/>
      </w>
      <w n="3-117">
        <text>ostium</text>
        <refs nrefs="2-115"/>
      </w>
      <w n="3-118">
        <text>Maeotidis</text>
        <refs nrefs="2-116"/>
      </w>
      <w n="3-119">
        <text>paludis</text>
      </w>
      <w n="3-120">
        <text>stadia</text>
        <refs nrefs="2-117"/>
      </w>
      <w n="3-121">
        <text>II</text>
        <refs nrefs="2-118"/>
      </w>
      <w n="3-122">
        <text>M</text>
        <refs nrefs="2-118"/>
      </w>
      <w n="3-123">
        <text>D.</text>
        <refs nrefs="2-118"/>
      </w>
      <w n="3-124">
        <text>ad</text>
        <refs nrefs="2-120"/>
      </w>
      <w n="3-125">
        <text>Tanain</text>
        <refs nrefs="2-121"/>
      </w>
      <w n="3-126">
        <text>stadia</text>
      </w>
      <w n="3-127">
        <text>II</text>
        <refs nrefs="2-123"/>
      </w>
      <w n="3-128">
        <text>M</text>
        <refs nrefs="2-123"/>
      </w>
      <w n="3-129">
        <text>CC</text>
        <refs nrefs="2-123"/>
      </w>
      <w n="3-130">
        <text>.</text>
      </w>
    </wds>
  </sentence>
</aligned-text>