<aligned-text xmlns="http://alpheios.net/namespaces/aligned-text">
  <language lnum="L1" xml:lang="grc" dir="ltr"/>
  <language lnum="L2" xml:lang="lat" dir="ltr"/>
  <sentence id="1" document_id="">
    <wds lnum="L1">
      <comment xmlns:ns_1="http://www.w3.org/1999/xlink" class="uri"/>
      <w n="1-1">
        <text>Κέρκινα</text>
        <refs nrefs="1-1"/>
      </w>
      <w n="1-2">
        <text>νῆσος</text>
        <refs nrefs="1-2"/>
      </w>
      <w n="1-3">
        <text>μῆκος</text>
        <comment class="mark">lacuna post μῆκος, non statuit H.</comment>
        <refs nrefs="1-3"/>
      </w>
      <w n="1-4">
        <text>πλάτος</text>
        <refs nrefs="1-6"/>
      </w>
      <w n="1-5">
        <text>οˊ</text>
        <comment class="mark">70</comment>
        <refs nrefs="1-7"/>
      </w>
      <w n="1-6">
        <text>.</text>
      </w>
      <w n="2-1">
        <text>ὅπου</text>
        <refs nrefs="1-9"/>
      </w>
      <w n="2-2">
        <text>δὲ</text>
        <refs nrefs="1-10"/>
      </w>
      <w n="2-3">
        <text>στενοτάτη</text>
        <refs nrefs="1-11"/>
      </w>
      <w n="2-4">
        <text>στάδια</text>
        <refs nrefs="1-13"/>
      </w>
      <w n="2-5">
        <text>μˊ</text>
        <comment class="mark">40</comment>
        <refs nrefs="1-14"/>
      </w>
      <w n="2-6">
        <text>.</text>
      </w>
      <w n="3-1">
        <text>ὑπέρκειται</text>
      </w>
      <w n="3-2">
        <text>δὲ</text>
        <refs nrefs="2-2"/>
      </w>
      <w n="3-3">
        <text>πόλις</text>
        <refs nrefs="2-4"/>
      </w>
      <w n="3-4">
        <text>ἠπειρωτικῆς</text>
        <refs nrefs="2-5"/>
      </w>
      <w n="3-5">
        <text>ἐθρήνης</text>
        <comment class="mark">in margine: id. θρήνης</comment>
        <refs nrefs="2-6"/>
      </w>
      <w n="3-6">
        <text>ἣ</text>
        <refs nrefs="2-8"/>
      </w>
      <w n="3-7">
        <text>κεῖται</text>
        <refs nrefs="2-13 2-14"/>
      </w>
      <w n="3-8">
        <text>τῆς</text>
        <refs nrefs="2-11"/>
      </w>
      <w n="3-9">
        <text>μικροῦ</text>
        <refs nrefs="2-12"/>
      </w>
      <w n="3-10">
        <text>Σύρτιδος</text>
        <refs nrefs="2-11"/>
      </w>
      <w n="3-11">
        <text>ἐπὶ</text>
        <refs nrefs="2-9"/>
      </w>
      <w n="3-12">
        <text>τῆς</text>
        <refs nrefs="2-10"/>
      </w>
      <w n="3-13">
        <text>ἀρχῆς</text>
        <refs nrefs="2-10"/>
      </w>
      <w n="3-14">
        <text>.</text>
      </w>
      <w n="4-1">
        <text>τῇ</text>
        <refs nrefs="3-1"/>
      </w>
      <w n="4-2">
        <text>δὲ</text>
        <refs nrefs="3-2"/>
      </w>
      <w n="4-3">
        <text>Κερκίνῃ</text>
        <refs nrefs="3-1"/>
      </w>
      <w n="4-4">
        <text>παράκειται</text>
        <refs nrefs="3-3"/>
      </w>
      <w n="4-5">
        <text>νῆσος</text>
        <refs nrefs="3-4"/>
      </w>
      <w n="4-6">
        <text>Καρνινίτις</text>
        <refs nrefs="3-5"/>
      </w>
      <w n="4-7">
        <text>γεφύρα</text>
        <refs nrefs="3-6"/>
      </w>
      <w n="4-8">
        <text>ζευχθεῖσα</text>
        <refs nrefs="3-8"/>
      </w>
      <w n="4-9">
        <text>στάδια</text>
        <refs nrefs="3-12"/>
      </w>
      <w n="4-10">
        <text>μῆκος</text>
        <refs nrefs="3-10"/>
      </w>
      <w n="4-11">
        <text>μˊ</text>
        <comment class="mark">40</comment>
        <refs nrefs="3-11"/>
      </w>
      <w n="4-12">
        <text>·</text>
      </w>
      <w n="4-13">
        <text>πλάτος</text>
        <refs nrefs="3-14"/>
      </w>
      <w n="4-14">
        <text>δὲ</text>
        <refs nrefs="3-15"/>
      </w>
      <w n="4-15">
        <text>στάδια</text>
      </w>
      <w n="4-16">
        <text>κεˊ</text>
        <comment class="mark">25</comment>
      </w>
      <w n="4-17">
        <text>.</text>
      </w>
    </wds>
    <wds lnum="L2">
      <comment xmlns:ns_1="http://www.w3.org/1999/xlink" class="uri"/>
      <w n="1-1">
        <text>Cercina</text>
        <refs nrefs="1-1"/>
      </w>
      <w n="1-2">
        <text>insula</text>
        <refs nrefs="1-2"/>
      </w>
      <w n="1-3">
        <text>longitudinem</text>
        <refs nrefs="1-3"/>
      </w>
      <w n="1-4">
        <text>habet</text>
      </w>
      <w n="1-5">
        <text>stadiorum</text>
      </w>
      <w n="1-6">
        <text>latitudinem</text>
        <refs nrefs="1-4"/>
      </w>
      <w n="1-7">
        <text>LXX</text>
        <refs nrefs="1-5"/>
      </w>
      <w n="1-8">
        <text>.</text>
      </w>
      <w n="1-9">
        <text>ubi</text>
        <refs nrefs="2-1"/>
      </w>
      <w n="1-10">
        <text>autem</text>
        <refs nrefs="2-2"/>
      </w>
      <w n="1-11">
        <text>angustissima</text>
        <refs nrefs="2-3"/>
      </w>
      <w n="1-12">
        <text>est</text>
      </w>
      <w n="1-13">
        <text>stadiorum</text>
        <refs nrefs="2-4"/>
      </w>
      <w n="1-14">
        <text>XL</text>
        <refs nrefs="2-5"/>
      </w>
      <w n="1-15">
        <text>.</text>
      </w>
      <w n="2-1">
        <text>Inest</text>
      </w>
      <w n="2-2">
        <text>autem</text>
        <refs nrefs="3-2"/>
      </w>
      <w n="2-3">
        <text>iuxta</text>
      </w>
      <w n="2-4">
        <text>oppidum</text>
        <refs nrefs="3-3"/>
      </w>
      <w n="2-5">
        <text>continentis</text>
        <refs nrefs="3-4"/>
      </w>
      <w n="2-6">
        <text>Ethrenen</text>
        <refs nrefs="3-5"/>
      </w>
      <w n="2-7">
        <text>,</text>
      </w>
      <w n="2-8">
        <text>quod</text>
        <refs nrefs="3-6"/>
      </w>
      <w n="2-9">
        <text>circa</text>
        <refs nrefs="3-11"/>
      </w>
      <w n="2-10">
        <text>initium</text>
        <refs nrefs="3-12 3-13"/>
      </w>
      <w n="2-11">
        <text>Sÿrtis</text>
        <refs nrefs="3-8 3-10"/>
      </w>
      <w n="2-12">
        <text>minoris</text>
        <refs nrefs="3-9"/>
      </w>
      <w n="2-13">
        <text>situm</text>
        <refs nrefs="3-7"/>
      </w>
      <w n="2-14">
        <text>est</text>
        <refs nrefs="3-7"/>
      </w>
      <w n="2-15">
        <text>.</text>
      </w>
      <w n="3-1">
        <text>Cercinae</text>
        <refs nrefs="4-1 4-3"/>
      </w>
      <w n="3-2">
        <text>autem</text>
        <refs nrefs="4-2"/>
      </w>
      <w n="3-3">
        <text>adjacet</text>
        <refs nrefs="4-4"/>
      </w>
      <w n="3-4">
        <text>insula</text>
        <refs nrefs="4-5"/>
      </w>
      <w n="3-5">
        <text>Carcinitis</text>
        <refs nrefs="4-6"/>
      </w>
      <w n="3-6">
        <text>ponte</text>
        <refs nrefs="4-7"/>
      </w>
      <w n="3-7">
        <text>ei</text>
      </w>
      <w n="3-8">
        <text>conjuncta</text>
        <refs nrefs="4-8"/>
      </w>
      <w n="3-9">
        <text>,</text>
      </w>
      <w n="3-10">
        <text>longitudinis</text>
        <refs nrefs="4-10"/>
      </w>
      <w n="3-11">
        <text>XL</text>
        <refs nrefs="4-11"/>
      </w>
      <w n="3-12">
        <text>stadiorum</text>
        <refs nrefs="4-9"/>
      </w>
      <w n="3-13">
        <text>,</text>
      </w>
      <w n="3-14">
        <text>latitudinis</text>
        <refs nrefs="4-13"/>
      </w>
      <w n="3-15">
        <text>autem</text>
        <refs nrefs="4-14"/>
      </w>
      <w n="3-16">
        <text>V</text>
      </w>
      <w n="3-17">
        <text>.</text>
      </w>
    </wds>
  </sentence>
</aligned-text>