<aligned-text xmlns="http://alpheios.net/namespaces/aligned-text">
  <language lnum="L1" xml:lang="grc" dir="ltr"/>
  <language lnum="L2" xml:lang="lat" dir="ltr"/>
  <sentence id="1" document_id="">
    <wds lnum="L1">
      <comment xmlns:ns_1="http://www.w3.org/1999/xlink" class="uri"/>
      <w n="1-1">
        <text>μῆκος</text>
        <refs nrefs="1-1"/>
      </w>
      <w n="1-2">
        <text>δὲ</text>
        <refs nrefs="1-2"/>
      </w>
      <w n="1-3">
        <text>τῆς</text>
        <refs nrefs="1-3"/>
      </w>
      <w n="1-4">
        <text>οἰκουμένης</text>
        <refs nrefs="1-3"/>
      </w>
      <w n="1-5">
        <text>ἀπὸ</text>
        <refs nrefs="1-4"/>
      </w>
      <w n="1-6">
        <text>Γάγγου</text>
        <refs nrefs="1-5"/>
      </w>
      <w n="1-7">
        <text>εἰς</text>
        <refs nrefs="1-6 1-8"/>
      </w>
      <w n="1-8">
        <text>τὰ</text>
        <refs nrefs="1-7"/>
      </w>
      <w n="1-9">
        <text>Γάδειρα</text>
        <refs nrefs="1-7"/>
      </w>
      <w n="1-10">
        <text>σταδίων</text>
        <refs nrefs="1-13"/>
      </w>
      <w n="1-11">
        <text>μυριάδων</text>
        <refs nrefs="1-10"/>
      </w>
      <w n="1-12">
        <text>Ϛˊ</text>
        <comment class="mark">68,549</comment>
        <refs nrefs="1-9"/>
      </w>
      <w n="1-13">
        <text>καὶ</text>
        <refs nrefs="1-11"/>
      </w>
      <w n="1-14">
        <text>̗ηφμθˊ</text>
        <refs nrefs="1-12"/>
      </w>
      <w n="1-15">
        <text>·</text>
      </w>
      <w n="1-16">
        <text>οὔτως</text>
        <refs nrefs="2-1 2-2"/>
      </w>
      <w n="1-17">
        <text>ἀπὸ</text>
        <refs nrefs="2-3"/>
      </w>
      <w n="1-18">
        <text>μὲν</text>
      </w>
      <w n="1-19">
        <text>Γάγγου</text>
        <refs nrefs="2-4"/>
      </w>
      <w n="1-20">
        <text>ποταμοῦ</text>
        <refs nrefs="2-5"/>
      </w>
      <w n="1-21">
        <text>ἕως</text>
        <refs nrefs="2-7"/>
      </w>
      <w n="1-22">
        <text>Μυριάνδρου</text>
        <refs nrefs="2-6"/>
      </w>
      <w n="1-23">
        <text>τῆς</text>
      </w>
      <w n="1-24">
        <text>ἐν</text>
        <refs nrefs="2-8"/>
      </w>
      <w n="1-25">
        <text>Ἰσσικῷ</text>
        <refs nrefs="2-9"/>
      </w>
      <w n="1-26">
        <text>κόλπῳ</text>
        <refs nrefs="2-10"/>
      </w>
      <w n="1-27">
        <text>σταδίων</text>
        <refs nrefs="2-12"/>
      </w>
      <w n="1-28">
        <text>μυριάδων</text>
        <refs nrefs="2-15"/>
      </w>
      <w n="1-29">
        <text>δˊ</text>
        <comment class="mark">41,725</comment>
        <refs nrefs="2-14 2-16"/>
      </w>
      <w n="1-30">
        <text>καὶ</text>
      </w>
      <w n="1-31">
        <text>̗αψκεˊ</text>
        <refs nrefs="2-14 2-16"/>
      </w>
      <w n="1-32">
        <text>·</text>
      </w>
      <w n="1-33">
        <text>οὕτως</text>
        <refs nrefs="2-19 2-20"/>
      </w>
      <w n="1-34">
        <text>ἀπὸ</text>
        <refs nrefs="2-22"/>
      </w>
      <w n="1-35">
        <text>Γάγγου</text>
        <refs nrefs="2-23"/>
      </w>
      <w n="1-36">
        <text>ἐπὶ</text>
        <refs nrefs="2-24"/>
      </w>
      <w n="1-37">
        <text>ἐκβολὰς</text>
        <refs nrefs="2-27"/>
      </w>
      <w n="1-38">
        <text>Ἰνδοῦ</text>
        <refs nrefs="2-25"/>
      </w>
      <w n="1-39">
        <text>ποταμοῦ</text>
        <refs nrefs="2-26"/>
      </w>
      <w n="1-40">
        <text>σταδίων</text>
        <refs nrefs="2-32"/>
      </w>
      <w n="1-41">
        <text>δισμυρίων</text>
        <refs nrefs="2-29 2-31"/>
      </w>
      <w n="1-42">
        <text>ˏϚ</text>
        <refs nrefs="2-30"/>
      </w>
      <w n="1-43">
        <text>·</text>
      </w>
      <w n="1-44">
        <text>ἀπὸ</text>
        <refs nrefs="2-33"/>
      </w>
      <w n="1-45">
        <text>Ἰνδοῦ</text>
        <refs nrefs="2-34"/>
      </w>
      <w n="1-46">
        <text>ἕως</text>
        <refs nrefs="2-35 2-36"/>
      </w>
      <w n="1-47">
        <text>Κασπίων</text>
        <refs nrefs="2-37"/>
      </w>
      <w n="1-48">
        <text>πυλῶν</text>
        <refs nrefs="2-38"/>
      </w>
      <w n="1-49">
        <text>μυρίων</text>
        <refs nrefs="2-39 2-40 2-41"/>
      </w>
      <w n="1-50">
        <text>ˏετˊ</text>
        <comment class="mark">15,300</comment>
        <refs nrefs="2-39 2-40 2-41"/>
      </w>
      <w n="1-51">
        <text>·</text>
      </w>
      <w n="1-52">
        <text>ἐπὶ</text>
        <refs nrefs="2-44"/>
      </w>
      <w n="1-53">
        <text>τὸν</text>
        <refs nrefs="2-45"/>
      </w>
      <w n="1-54">
        <text>Εὐφράτην</text>
        <refs nrefs="2-45"/>
      </w>
      <w n="1-55">
        <text>σταδίων</text>
      </w>
      <w n="1-56">
        <text>μυρίων</text>
        <refs nrefs="2-46 2-47"/>
      </w>
      <w n="1-57">
        <text>νˊ</text>
        <refs nrefs="2-49"/>
      </w>
      <w n="1-58">
        <text>·</text>
      </w>
      <w n="1-59">
        <text>εἰς</text>
      </w>
      <w n="1-60">
        <text>Μυρίανδρον</text>
        <refs nrefs="2-51"/>
      </w>
      <w n="1-61">
        <text>σταδίων</text>
        <refs nrefs="2-52"/>
      </w>
      <w n="1-62">
        <text>τοεˊ</text>
        <refs nrefs="2-53"/>
      </w>
      <w n="1-63">
        <text>.</text>
      </w>
    </wds>
    <wds lnum="L2">
      <comment xmlns:ns_1="http://www.w3.org/1999/xlink" class="uri"/>
      <w n="1-1">
        <text>Longitudo</text>
        <refs nrefs="1-1"/>
      </w>
      <w n="1-2">
        <text>autem</text>
        <refs nrefs="1-2"/>
      </w>
      <w n="1-3">
        <text>orbis</text>
        <refs nrefs="1-3 1-4"/>
      </w>
      <w n="1-4">
        <text>a</text>
        <refs nrefs="1-5"/>
      </w>
      <w n="1-5">
        <text>Gange</text>
        <refs nrefs="1-6"/>
      </w>
      <w n="1-6">
        <text>ad</text>
        <refs nrefs="1-7"/>
      </w>
      <w n="1-7">
        <text>Gades</text>
        <refs nrefs="1-8 1-9"/>
      </w>
      <w n="1-8">
        <text>usque</text>
        <refs nrefs="1-7"/>
      </w>
      <w n="1-9">
        <text>LXVIII</text>
        <refs nrefs="1-12"/>
      </w>
      <w n="1-10">
        <text>M</text>
        <refs nrefs="1-11"/>
      </w>
      <w n="1-11">
        <text>et</text>
        <refs nrefs="1-13"/>
      </w>
      <w n="1-12">
        <text>IƆXLIX</text>
        <refs nrefs="1-14"/>
      </w>
      <w n="1-13">
        <text>stadiorum</text>
        <refs nrefs="1-10"/>
      </w>
      <w n="1-14">
        <text>est</text>
      </w>
      <w n="1-15">
        <text>.</text>
      </w>
      <w n="2-1">
        <text>hoc</text>
        <refs nrefs="1-16"/>
      </w>
      <w n="2-2">
        <text>modo</text>
        <refs nrefs="1-16"/>
      </w>
      <w n="2-3">
        <text>a</text>
        <refs nrefs="1-17"/>
      </w>
      <w n="2-4">
        <text>Gange</text>
        <refs nrefs="1-19"/>
      </w>
      <w n="2-5">
        <text>ﬂuvium</text>
        <refs nrefs="1-20"/>
      </w>
      <w n="2-6">
        <text>Mÿriandrum</text>
        <refs nrefs="1-22"/>
      </w>
      <w n="2-7">
        <text>usque</text>
        <refs nrefs="1-21"/>
      </w>
      <w n="2-8">
        <text>in</text>
        <refs nrefs="1-24"/>
      </w>
      <w n="2-9">
        <text>Issico</text>
        <refs nrefs="1-25"/>
      </w>
      <w n="2-10">
        <text>sinu</text>
        <refs nrefs="1-26"/>
      </w>
      <w n="2-11">
        <text>sitam</text>
      </w>
      <w n="2-12">
        <text>stadiorum</text>
        <refs nrefs="1-27"/>
      </w>
      <w n="2-13">
        <text>sunt</text>
      </w>
      <w n="2-14">
        <text>XLI</text>
        <refs nrefs="1-29 1-31"/>
      </w>
      <w n="2-15">
        <text>M</text>
        <refs nrefs="1-28"/>
      </w>
      <w n="2-16">
        <text>IƆCCXXV</text>
        <refs nrefs="1-29 1-31"/>
      </w>
      <w n="2-17">
        <text>.</text>
      </w>
      <w n="2-18">
        <text>idque</text>
      </w>
      <w n="2-19">
        <text>hac</text>
        <refs nrefs="1-33"/>
      </w>
      <w n="2-20">
        <text>ratione</text>
        <refs nrefs="1-33"/>
      </w>
      <w n="2-21">
        <text>,</text>
      </w>
      <w n="2-22">
        <text>a</text>
        <refs nrefs="1-34"/>
      </w>
      <w n="2-23">
        <text>Gange</text>
        <refs nrefs="1-35"/>
      </w>
      <w n="2-24">
        <text>ad</text>
        <refs nrefs="1-36"/>
      </w>
      <w n="2-25">
        <text>Indi</text>
        <refs nrefs="1-38"/>
      </w>
      <w n="2-26">
        <text>ﬂuminis</text>
        <refs nrefs="1-39"/>
      </w>
      <w n="2-27">
        <text>ostia</text>
        <refs nrefs="1-37"/>
      </w>
      <w n="2-28">
        <text>sunt</text>
      </w>
      <w n="2-29">
        <text>viginti</text>
        <refs nrefs="1-41"/>
      </w>
      <w n="2-30">
        <text>sex</text>
        <refs nrefs="1-42"/>
      </w>
      <w n="2-31">
        <text>millia</text>
        <refs nrefs="1-41"/>
      </w>
      <w n="2-32">
        <text>stadiorum</text>
        <refs nrefs="1-40"/>
      </w>
      <w n="2-33">
        <text>ab</text>
        <refs nrefs="1-44"/>
      </w>
      <w n="2-34">
        <text>Indo</text>
        <refs nrefs="1-45"/>
      </w>
      <w n="2-35">
        <text>usque</text>
        <refs nrefs="1-46"/>
      </w>
      <w n="2-36">
        <text>ad</text>
        <refs nrefs="1-46"/>
      </w>
      <w n="2-37">
        <text>Caspias</text>
        <refs nrefs="1-47"/>
      </w>
      <w n="2-38">
        <text>portas</text>
        <refs nrefs="1-48"/>
      </w>
      <w n="2-39">
        <text>XV</text>
        <refs nrefs="1-49 1-50"/>
      </w>
      <w n="2-40">
        <text>M</text>
        <refs nrefs="1-49 1-50"/>
      </w>
      <w n="2-41">
        <text>CCC</text>
        <refs nrefs="1-49 1-50"/>
      </w>
      <w n="2-42">
        <text>.</text>
      </w>
      <w n="2-43">
        <text>inde</text>
      </w>
      <w n="2-44">
        <text>ad</text>
        <refs nrefs="1-52"/>
      </w>
      <w n="2-45">
        <text>Euphratem</text>
        <refs nrefs="1-53 1-54"/>
      </w>
      <w n="2-46">
        <text>decem</text>
        <refs nrefs="1-56"/>
      </w>
      <w n="2-47">
        <text>M</text>
        <refs nrefs="1-56"/>
      </w>
      <w n="2-48">
        <text>et</text>
      </w>
      <w n="2-49">
        <text>L.</text>
        <refs nrefs="1-57"/>
      </w>
      <w n="2-50">
        <text>hinc</text>
      </w>
      <w n="2-51">
        <text>Mÿriandrum</text>
        <refs nrefs="1-60"/>
      </w>
      <w n="2-52">
        <text>stadia</text>
        <refs nrefs="1-61"/>
      </w>
      <w n="2-53">
        <text>CCCLXXV</text>
        <refs nrefs="1-62"/>
      </w>
      <w n="2-54">
        <text>.</text>
      </w>
    </wds>
  </sentence>
</aligned-text>