<aligned-text xmlns="http://alpheios.net/namespaces/aligned-text">
  <language lnum="L1" xml:lang="grc" dir="ltr"/>
  <language lnum="L2" xml:lang="lat" dir="ltr"/>
  <sentence id="1" document_id="">
    <wds lnum="L1">
      <comment xmlns:ns_1="http://www.w3.org/1999/xlink" class="uri"/>
      <w n="1-1">
        <text>Κεφαλληνία</text>
        <refs nrefs="1-1"/>
      </w>
      <w n="1-2">
        <text>νῆσος</text>
        <refs nrefs="1-2"/>
      </w>
      <w n="1-3">
        <text>τετράπολις</text>
        <refs nrefs="1-3 1-4 1-5"/>
      </w>
      <w n="1-4">
        <text>μῆκος</text>
      </w>
      <w n="1-5">
        <text>σταδίων</text>
        <refs nrefs="1-8"/>
      </w>
      <w n="1-6">
        <text>υˊ</text>
        <refs nrefs="1-9"/>
      </w>
      <w n="1-7">
        <text>.</text>
      </w>
      <w n="2-1">
        <text>εἰσὶ</text>
        <refs nrefs="1-11"/>
      </w>
      <w n="2-2">
        <text>δὲ</text>
        <refs nrefs="1-12"/>
      </w>
      <w n="2-3">
        <text>καὶ</text>
        <refs nrefs="1-13"/>
      </w>
      <w n="2-4">
        <text>ἐν</text>
        <refs nrefs="1-14"/>
      </w>
      <w n="2-5">
        <text>τῷ</text>
        <refs nrefs="1-15"/>
      </w>
      <w n="2-6">
        <text>Ἀδρίᾳ</text>
        <refs nrefs="1-15"/>
      </w>
      <w n="2-7">
        <text>νῆσοι</text>
        <refs nrefs="1-17"/>
      </w>
      <w n="2-8">
        <text>παρὰ</text>
        <refs nrefs="1-18"/>
      </w>
      <w n="2-9">
        <text>τὴν</text>
        <refs nrefs="1-19"/>
      </w>
      <w n="2-10">
        <text>Ἰλλυρίδα</text>
        <refs nrefs="1-19"/>
      </w>
      <w n="2-11">
        <text>,</text>
      </w>
      <w n="2-12">
        <text>ὧν</text>
        <refs nrefs="1-20 1-21"/>
      </w>
      <w n="2-13">
        <text>ἐπισημότεραι</text>
        <refs nrefs="1-22"/>
      </w>
      <w n="2-14">
        <text>Ἴσση</text>
        <refs nrefs="1-24"/>
      </w>
      <w n="2-15">
        <text>,</text>
      </w>
      <w n="2-16">
        <text>καὶ</text>
        <refs nrefs="1-25"/>
      </w>
      <w n="2-17">
        <text>ἡ</text>
        <refs nrefs="1-26"/>
      </w>
      <w n="2-18">
        <text>Μέλανα</text>
        <refs nrefs="1-27"/>
      </w>
      <w n="2-19">
        <text>Κόρκυρα</text>
        <refs nrefs="1-26"/>
      </w>
      <w n="2-20">
        <text>,</text>
      </w>
      <w n="2-21">
        <text>καὶ</text>
        <refs nrefs="1-28"/>
      </w>
      <w n="2-22">
        <text>Φάρος</text>
        <refs nrefs="1-29"/>
      </w>
      <w n="2-23">
        <text>,</text>
      </w>
      <w n="2-24">
        <text>καί</text>
        <refs nrefs="1-30"/>
      </w>
      <w n="2-25">
        <text>Μελίτη</text>
        <refs nrefs="1-31"/>
      </w>
      <w n="2-26">
        <text>,</text>
      </w>
      <w n="2-27">
        <text>ὧν</text>
        <refs nrefs="1-33"/>
      </w>
      <w n="2-28">
        <text>ἀγνοῶ</text>
      </w>
      <w n="2-29">
        <text>τὰς</text>
        <refs nrefs="1-34"/>
      </w>
      <w n="2-30">
        <text>περιμέτρους</text>
        <refs nrefs="1-34"/>
      </w>
      <w n="2-31">
        <text>.</text>
      </w>
    </wds>
    <wds lnum="L2">
      <comment xmlns:ns_1="http://www.w3.org/1999/xlink" class="uri"/>
      <w n="1-1">
        <text>Cephallenia</text>
        <refs nrefs="1-1"/>
      </w>
      <w n="1-2">
        <text>insula</text>
        <refs nrefs="1-2"/>
      </w>
      <w n="1-3">
        <text>quatuor</text>
        <refs nrefs="1-3"/>
      </w>
      <w n="1-4">
        <text>oppidis</text>
        <refs nrefs="1-3"/>
      </w>
      <w n="1-5">
        <text>insignis</text>
        <refs nrefs="1-3"/>
      </w>
      <w n="1-6">
        <text>longa</text>
      </w>
      <w n="1-7">
        <text>est</text>
      </w>
      <w n="1-8">
        <text>stadia</text>
        <refs nrefs="1-5"/>
      </w>
      <w n="1-9">
        <text>CCCC</text>
        <refs nrefs="1-6"/>
      </w>
      <w n="1-10">
        <text>.</text>
      </w>
      <w n="1-11">
        <text>sunt</text>
        <refs nrefs="2-1"/>
      </w>
      <w n="1-12">
        <text>autem</text>
        <refs nrefs="2-2"/>
      </w>
      <w n="1-13">
        <text>et</text>
        <refs nrefs="2-3"/>
      </w>
      <w n="1-14">
        <text>in</text>
        <refs nrefs="2-4"/>
      </w>
      <w n="1-15">
        <text>Adiatico</text>
        <refs nrefs="2-5 2-6"/>
      </w>
      <w n="1-16">
        <text>mari</text>
      </w>
      <w n="1-17">
        <text>insulae</text>
        <refs nrefs="2-7"/>
      </w>
      <w n="1-18">
        <text>juxta</text>
        <refs nrefs="2-8"/>
      </w>
      <w n="1-19">
        <text>Illÿricum</text>
        <refs nrefs="2-9 2-10"/>
      </w>
      <w n="1-20">
        <text>ex</text>
        <refs nrefs="2-12"/>
      </w>
      <w n="1-21">
        <text>quibus</text>
        <comment class="mark">quarum H1</comment>
        <refs nrefs="2-12"/>
      </w>
      <w n="1-22">
        <text>celebriores</text>
        <refs nrefs="2-13"/>
      </w>
      <w n="1-23">
        <text>sunt</text>
      </w>
      <w n="1-24">
        <text>Issa</text>
        <refs nrefs="2-14"/>
      </w>
      <w n="1-25">
        <text>et</text>
        <refs nrefs="2-16"/>
      </w>
      <w n="1-26">
        <text>Corcÿra</text>
        <refs nrefs="2-17 2-19"/>
      </w>
      <w n="1-27">
        <text>nigra</text>
        <refs nrefs="2-18"/>
      </w>
      <w n="1-28">
        <text>et</text>
        <refs nrefs="2-21"/>
      </w>
      <w n="1-29">
        <text>Pharus</text>
        <refs nrefs="2-22"/>
      </w>
      <w n="1-30">
        <text>et</text>
        <refs nrefs="2-24"/>
      </w>
      <w n="1-31">
        <text>Melita</text>
        <refs nrefs="2-25"/>
      </w>
      <w n="1-32">
        <text>,</text>
      </w>
      <w n="1-33">
        <text>quarum</text>
        <refs nrefs="2-27"/>
      </w>
      <w n="1-34">
        <text>ambitum</text>
        <refs nrefs="2-29 2-30"/>
      </w>
      <w n="1-35">
        <text>non</text>
      </w>
      <w n="1-36">
        <text>habeo</text>
      </w>
      <w n="1-37">
        <text>compertum</text>
      </w>
      <w n="1-38">
        <text>.</text>
      </w>
    </wds>
  </sentence>
</aligned-text>