<aligned-text xmlns="http://alpheios.net/namespaces/aligned-text">
  <language lnum="L1" xml:lang="grc" dir="ltr"/>
  <language lnum="L2" xml:lang="lat" dir="ltr"/>
  <sentence id="1" document_id="">
    <wds lnum="L1">
      <comment xmlns:ns_1="http://www.w3.org/1999/xlink" class="uri"/>
      <w n="1-1">
        <text>ἀπὸ</text>
        <refs nrefs="1-1"/>
      </w>
      <w n="1-2">
        <text>δὲ</text>
        <refs nrefs="1-3"/>
      </w>
      <w n="1-3">
        <text>Μυριάνδρου</text>
        <refs nrefs="1-2"/>
      </w>
      <w n="1-4">
        <text>ἐπὶ</text>
        <refs nrefs="1-4 1-5"/>
      </w>
      <w n="1-5">
        <text>Γάδειρα</text>
        <refs nrefs="1-6"/>
      </w>
      <w n="1-6">
        <text>σταδίων</text>
        <refs nrefs="1-8"/>
      </w>
      <w n="1-7">
        <text>δισμυρίων</text>
        <comment class="mark">26,820</comment>
      </w>
      <w n="1-8">
        <text>ˏϚωκˊ</text>
      </w>
      <w n="1-9">
        <text>·</text>
      </w>
      <w n="2-1">
        <text>οὕτως</text>
        <refs nrefs="1-14 1-15"/>
      </w>
      <w n="2-2">
        <text>·</text>
      </w>
      <w n="2-3">
        <text>ἀπὸ</text>
        <refs nrefs="2-1"/>
      </w>
      <w n="2-4">
        <text>Μυριάνδρου</text>
        <refs nrefs="2-2"/>
      </w>
      <w n="2-5">
        <text>ἐπὶ</text>
        <refs nrefs="2-3"/>
      </w>
      <w n="2-6">
        <text>κλεῖδας</text>
        <refs nrefs="2-4"/>
      </w>
      <w n="2-7">
        <text>Κύπρου</text>
        <refs nrefs="2-5"/>
      </w>
      <w n="2-8">
        <text>στάδια</text>
        <refs nrefs="2-6"/>
      </w>
      <w n="2-9">
        <text>ˏαυˊ</text>
        <refs nrefs="2-7"/>
      </w>
      <w n="2-10">
        <text>·</text>
      </w>
      <w n="2-11">
        <text>ἐπὶ</text>
        <refs nrefs="2-9"/>
      </w>
      <w n="2-12">
        <text>ἀκάμαντα</text>
        <refs nrefs="2-10"/>
      </w>
      <w n="2-13">
        <text>τὸ</text>
        <refs nrefs="2-11"/>
      </w>
      <w n="2-14">
        <text>ἀκρωτήριον</text>
        <refs nrefs="2-11"/>
      </w>
      <w n="3-1">
        <text>στάδια</text>
        <refs nrefs="2-12"/>
      </w>
      <w n="3-2">
        <text>ˏγτˊ</text>
        <refs nrefs="2-13 2-14 2-15"/>
      </w>
      <w n="3-3">
        <text>·</text>
      </w>
      <w n="3-4">
        <text>ἐπὶ</text>
        <refs nrefs="2-17"/>
      </w>
      <w n="3-5">
        <text>δὲ</text>
      </w>
      <w n="3-6">
        <text>Χελιδονίας</text>
        <refs nrefs="2-18"/>
      </w>
      <w n="3-7">
        <text>διὰ</text>
        <refs nrefs="2-19"/>
      </w>
      <w n="3-8">
        <text>Παμφυλίου</text>
        <refs nrefs="2-21"/>
      </w>
      <w n="3-9">
        <text>πελάγους</text>
        <refs nrefs="2-20"/>
      </w>
      <w n="3-10">
        <text>στάδια</text>
        <refs nrefs="2-22"/>
      </w>
      <w n="3-11">
        <text>ˏαυˊ</text>
        <refs nrefs="2-23"/>
      </w>
      <w n="3-12">
        <text>·</text>
      </w>
      <w n="3-13">
        <text>εἰς</text>
        <refs nrefs="2-25"/>
      </w>
      <w n="3-14">
        <text>Πάταρα</text>
        <refs nrefs="2-26"/>
      </w>
      <w n="3-15">
        <text>στάδια</text>
        <refs nrefs="2-27"/>
      </w>
      <w n="3-16">
        <text>ωˊ</text>
        <refs nrefs="2-28"/>
      </w>
      <w n="3-17">
        <text>·</text>
      </w>
      <w n="4-1">
        <text>ὡς</text>
      </w>
      <w n="4-2">
        <text>εἰς</text>
        <refs nrefs="2-30"/>
      </w>
      <w n="4-3">
        <text>Ῥόδον</text>
        <refs nrefs="2-31"/>
      </w>
      <w n="4-4">
        <text>στάδια</text>
        <refs nrefs="2-33"/>
      </w>
      <w n="4-5">
        <text>ψˊ</text>
        <refs nrefs="2-34"/>
      </w>
      <w n="4-6">
        <text>·</text>
      </w>
      <w n="4-7">
        <text>εἰς</text>
        <refs nrefs="3-1"/>
      </w>
      <w n="4-8">
        <text>Ἀστυπάλαιαν</text>
        <refs nrefs="3-2"/>
      </w>
      <w n="4-9">
        <text>διὰ</text>
        <refs nrefs="3-3"/>
      </w>
      <w n="4-10">
        <text>Καρπαθίου</text>
        <refs nrefs="3-5"/>
      </w>
      <w n="4-11">
        <text>στάδια</text>
        <refs nrefs="3-6"/>
      </w>
      <w n="4-12">
        <text>ρμˊ</text>
        <refs nrefs="3-7"/>
      </w>
      <w n="4-13">
        <text>·</text>
      </w>
      <w n="4-14">
        <text>ἐπὶ</text>
        <refs nrefs="3-9"/>
      </w>
      <w n="4-15">
        <text>Ταίναρον</text>
        <refs nrefs="3-10"/>
      </w>
      <w n="4-16">
        <text>στάδια</text>
        <refs nrefs="3-11"/>
      </w>
      <w n="5-1">
        <text>ˏαυνˊ</text>
        <refs nrefs="3-12"/>
      </w>
      <w n="5-2">
        <text>·</text>
      </w>
      <w n="5-3">
        <text>ἐπὶ</text>
        <refs nrefs="3-14"/>
      </w>
      <w n="5-4">
        <text>Πάχυνον</text>
        <refs nrefs="3-15"/>
      </w>
      <w n="5-5">
        <text>Σικελίας</text>
        <refs nrefs="3-16"/>
      </w>
      <w n="5-6">
        <text>στάδια</text>
        <refs nrefs="3-17"/>
      </w>
      <w n="5-7">
        <text>ˏδ</text>
        <refs nrefs="3-18 3-19"/>
      </w>
      <w n="5-8">
        <text>·</text>
      </w>
      <w n="5-9">
        <text>ἐπὶ</text>
        <refs nrefs="3-20"/>
      </w>
      <w n="5-10">
        <text>Λιλύβαιον</text>
        <refs nrefs="3-21"/>
      </w>
      <w n="5-11">
        <text>διὰ</text>
        <refs nrefs="3-22"/>
      </w>
      <w n="5-12">
        <text>Λιβυκοῦ</text>
        <refs nrefs="3-23 3-24 3-25"/>
      </w>
      <w n="5-13">
        <text>πελάγους</text>
        <refs nrefs="3-26"/>
      </w>
      <w n="5-14">
        <text>στάδια</text>
        <refs nrefs="3-27"/>
      </w>
      <w n="5-15">
        <text>ˏαφκˊ</text>
        <refs nrefs="3-28"/>
      </w>
      <w n="5-16">
        <text>·</text>
      </w>
      <w n="6-1">
        <text>ἐπὶ</text>
        <refs nrefs="3-30"/>
      </w>
      <w n="6-2">
        <text>δὲ</text>
      </w>
      <w n="6-3">
        <text>Κάραλιν</text>
        <refs nrefs="3-31"/>
      </w>
      <w n="6-4">
        <text>Σαρδοῦς</text>
        <refs nrefs="3-32"/>
      </w>
      <w n="6-5">
        <text>διὰ</text>
        <refs nrefs="3-33"/>
      </w>
      <w n="6-6">
        <text>Τυρσηνικοῦ</text>
        <refs nrefs="3-35"/>
      </w>
      <w n="6-7">
        <text>πελάγους</text>
        <refs nrefs="3-34"/>
      </w>
      <w n="6-8">
        <text>πελάγους</text>
        <comment class="mark">del. H2</comment>
      </w>
      <w n="6-9">
        <text>στάδια</text>
        <refs nrefs="3-36"/>
      </w>
      <w n="6-10">
        <text>ˏβωˊ</text>
        <refs nrefs="3-37 3-38 3-39"/>
      </w>
      <w n="6-11">
        <text>·</text>
      </w>
      <w n="6-12">
        <text>ἐπὶ</text>
        <refs nrefs="3-42"/>
      </w>
      <w n="6-13">
        <text>Γάδειρα</text>
        <refs nrefs="3-43"/>
      </w>
      <w n="7-1">
        <text>ὑπερπλεύσαντι</text>
        <refs nrefs="3-44 3-45"/>
      </w>
      <w n="7-2">
        <text>Γυμνησίας</text>
        <refs nrefs="3-46"/>
      </w>
      <w n="7-3">
        <text>νήσους</text>
        <refs nrefs="3-47"/>
      </w>
      <w n="7-4">
        <text>στάδια</text>
        <refs nrefs="3-48"/>
      </w>
      <w n="7-5">
        <text>μύρια</text>
        <refs nrefs="3-49 3-50"/>
      </w>
      <w n="7-6">
        <text>·</text>
      </w>
      <w n="7-7">
        <text>ἀπὸ</text>
        <refs nrefs="3-51"/>
      </w>
      <w n="7-8">
        <text>Γαδείρων</text>
        <refs nrefs="3-52"/>
      </w>
      <w n="7-9">
        <text>δὲ</text>
        <refs nrefs="3-53"/>
      </w>
      <w n="7-10">
        <text>διὰ</text>
      </w>
      <w n="7-11">
        <text>ἱεροῦ</text>
        <refs nrefs="3-55"/>
      </w>
      <w n="7-12">
        <text>ἀκρωτηρίου</text>
        <comment class="mark">post ἀκρωτηρίου lacunam esse indicavit H in margine</comment>
        <refs nrefs="3-56"/>
      </w>
      <w n="8-1">
        <text>καὶ</text>
        <refs nrefs="3-62"/>
      </w>
      <w n="8-2">
        <text>Ἀρτάβρων</text>
        <refs nrefs="3-64"/>
      </w>
      <w n="8-3">
        <text>λιμένος</text>
        <refs nrefs="3-63"/>
      </w>
      <w n="8-4">
        <text>στάδιοι</text>
        <refs nrefs="3-65"/>
      </w>
      <w n="8-5">
        <text>ˏζτλβˊ</text>
        <comment class="mark">7,332</comment>
        <refs nrefs="3-66 3-67 3-68 3-69"/>
      </w>
      <w n="8-6">
        <text>·</text>
      </w>
      <w n="8-7">
        <text>ὁμοῦ</text>
        <refs nrefs="3-72 3-73"/>
      </w>
      <w n="8-8">
        <text>γίνονται</text>
        <refs nrefs="3-71"/>
      </w>
      <w n="8-9">
        <text>μυριάδες</text>
        <refs nrefs="3-76"/>
      </w>
      <w n="8-10">
        <text>ζˊ</text>
        <refs nrefs="3-75 3-77 3-78"/>
      </w>
      <w n="8-11">
        <text>καὶ</text>
      </w>
      <w n="8-12">
        <text>ˏβυοζˊ</text>
        <refs nrefs="3-75 3-77 3-78"/>
      </w>
      <w n="8-13">
        <text>·</text>
      </w>
    </wds>
    <wds lnum="L2">
      <comment xmlns:ns_1="http://www.w3.org/1999/xlink" class="uri"/>
      <w n="1-1">
        <text>A</text>
        <refs nrefs="1-1"/>
      </w>
      <w n="1-2">
        <text>Mÿriandro</text>
        <refs nrefs="1-3"/>
      </w>
      <w n="1-3">
        <text>deinceps</text>
        <refs nrefs="1-2"/>
      </w>
      <w n="1-4">
        <text>usque</text>
        <refs nrefs="1-4"/>
      </w>
      <w n="1-5">
        <text>ad</text>
        <refs nrefs="1-4"/>
      </w>
      <w n="1-6">
        <text>Gades</text>
        <refs nrefs="1-5"/>
      </w>
      <w n="1-7">
        <text>sunt</text>
      </w>
      <w n="1-8">
        <text>stadia</text>
        <refs nrefs="1-6"/>
      </w>
      <w n="1-9">
        <text>XXIII</text>
        <comment class="mark">23,820</comment>
      </w>
      <w n="1-10">
        <text>M</text>
      </w>
      <w n="1-11">
        <text>DCCC</text>
      </w>
      <w n="1-12">
        <text>XX</text>
      </w>
      <w n="1-13">
        <text>.</text>
      </w>
      <w n="1-14">
        <text>hoc</text>
        <refs nrefs="2-1"/>
      </w>
      <w n="1-15">
        <text>modo</text>
        <refs nrefs="2-1"/>
      </w>
      <w n="1-16">
        <text>:</text>
      </w>
      <w n="2-1">
        <text>a</text>
        <refs nrefs="2-3"/>
      </w>
      <w n="2-2">
        <text>Mÿriandro</text>
        <refs nrefs="2-4"/>
      </w>
      <w n="2-3">
        <text>ad</text>
        <refs nrefs="2-5"/>
      </w>
      <w n="2-4">
        <text>Clidas</text>
        <refs nrefs="2-6"/>
      </w>
      <w n="2-5">
        <text>Cÿpri</text>
        <refs nrefs="2-7"/>
      </w>
      <w n="2-6">
        <text>stadia</text>
        <refs nrefs="2-8"/>
      </w>
      <w n="2-7">
        <text>MCCCC</text>
        <refs nrefs="2-9"/>
      </w>
      <w n="2-8">
        <text>.</text>
      </w>
      <w n="2-9">
        <text>ad</text>
        <refs nrefs="2-11"/>
      </w>
      <w n="2-10">
        <text>Acamanta</text>
        <refs nrefs="2-12"/>
      </w>
      <w n="2-11">
        <text>promontorium</text>
        <refs nrefs="2-13 2-14"/>
      </w>
      <w n="2-12">
        <text>stadia</text>
        <refs nrefs="3-1"/>
      </w>
      <w n="2-13">
        <text>III</text>
        <refs nrefs="3-2"/>
      </w>
      <w n="2-14">
        <text>M</text>
        <refs nrefs="3-2"/>
      </w>
      <w n="2-15">
        <text>CCC</text>
        <refs nrefs="3-2"/>
      </w>
      <w n="2-16">
        <text>.</text>
      </w>
      <w n="2-17">
        <text>ad</text>
        <refs nrefs="3-4"/>
      </w>
      <w n="2-18">
        <text>Chelidonias</text>
        <refs nrefs="3-6"/>
      </w>
      <w n="2-19">
        <text>per</text>
        <refs nrefs="3-7"/>
      </w>
      <w n="2-20">
        <text>mare</text>
        <refs nrefs="3-9"/>
      </w>
      <w n="2-21">
        <text>Pamphÿlium</text>
        <refs nrefs="3-8"/>
      </w>
      <w n="2-22">
        <text>stadia</text>
        <refs nrefs="3-10"/>
      </w>
      <w n="2-23">
        <text>MCCC</text>
        <refs nrefs="3-11"/>
      </w>
      <w n="2-24">
        <text>.</text>
      </w>
      <w n="2-25">
        <text>ad</text>
        <refs nrefs="3-13"/>
      </w>
      <w n="2-26">
        <text>Patara</text>
        <refs nrefs="3-14"/>
      </w>
      <w n="2-27">
        <text>stadia</text>
        <refs nrefs="3-15"/>
      </w>
      <w n="2-28">
        <text>DCCC</text>
        <refs nrefs="3-16"/>
      </w>
      <w n="2-29">
        <text>.</text>
      </w>
      <w n="2-30">
        <text>ad</text>
        <refs nrefs="4-2"/>
      </w>
      <w n="2-31">
        <text>Rhodum</text>
        <refs nrefs="4-3"/>
      </w>
      <w n="2-32">
        <text>usque</text>
      </w>
      <w n="2-33">
        <text>stadia</text>
        <refs nrefs="4-4"/>
      </w>
      <w n="2-34">
        <text>DCC</text>
        <refs nrefs="4-5"/>
      </w>
      <w n="2-35">
        <text>.</text>
      </w>
      <w n="3-1">
        <text>Ad</text>
        <refs nrefs="4-7"/>
      </w>
      <w n="3-2">
        <text>Astÿpalaeam</text>
        <refs nrefs="4-8"/>
      </w>
      <w n="3-3">
        <text>per</text>
        <refs nrefs="4-9"/>
      </w>
      <w n="3-4">
        <text>mare</text>
      </w>
      <w n="3-5">
        <text>Carpathium</text>
        <refs nrefs="4-10"/>
      </w>
      <w n="3-6">
        <text>stadia</text>
        <refs nrefs="4-11"/>
      </w>
      <w n="3-7">
        <text>CXL</text>
        <refs nrefs="4-12"/>
      </w>
      <w n="3-8">
        <text>.</text>
      </w>
      <w n="3-9">
        <text>ad</text>
        <refs nrefs="4-14"/>
      </w>
      <w n="3-10">
        <text>Taenarum</text>
        <refs nrefs="4-15"/>
      </w>
      <w n="3-11">
        <text>stadia</text>
        <refs nrefs="4-16"/>
      </w>
      <w n="3-12">
        <text>MCCCCL</text>
        <refs nrefs="5-1"/>
      </w>
      <w n="3-13">
        <text>.</text>
      </w>
      <w n="3-14">
        <text>ad</text>
        <refs nrefs="5-3"/>
      </w>
      <w n="3-15">
        <text>Pachÿnum</text>
        <refs nrefs="5-4"/>
      </w>
      <w n="3-16">
        <text>Siciliae</text>
        <refs nrefs="5-5"/>
      </w>
      <w n="3-17">
        <text>stadia</text>
        <refs nrefs="5-6"/>
      </w>
      <w n="3-18">
        <text>IIII</text>
        <refs nrefs="5-7"/>
      </w>
      <w n="3-19">
        <text>M.</text>
        <refs nrefs="5-7"/>
      </w>
      <w n="3-20">
        <text>ad</text>
        <refs nrefs="5-9"/>
      </w>
      <w n="3-21">
        <text>Lilÿbaeum</text>
        <refs nrefs="5-10"/>
      </w>
      <w n="3-22">
        <text>per</text>
        <refs nrefs="5-11"/>
      </w>
      <w n="3-23">
        <text>Libÿcum</text>
        <refs nrefs="5-12"/>
      </w>
      <w n="3-24">
        <text>sive</text>
        <refs nrefs="5-12"/>
      </w>
      <w n="3-25">
        <text>Africum</text>
        <refs nrefs="5-12"/>
      </w>
      <w n="3-26">
        <text>mare</text>
        <refs nrefs="5-13"/>
      </w>
      <w n="3-27">
        <text>stadia</text>
        <refs nrefs="5-14"/>
      </w>
      <w n="3-28">
        <text>MDXX</text>
        <refs nrefs="5-15"/>
      </w>
      <w n="3-29">
        <text>.</text>
      </w>
      <w n="3-30">
        <text>ad</text>
        <refs nrefs="6-1"/>
      </w>
      <w n="3-31">
        <text>Caralin</text>
        <refs nrefs="6-3"/>
      </w>
      <w n="3-32">
        <text>Sardiniae</text>
        <refs nrefs="6-4"/>
      </w>
      <w n="3-33">
        <text>per</text>
        <refs nrefs="6-5"/>
      </w>
      <w n="3-34">
        <text>mare</text>
        <refs nrefs="6-7"/>
      </w>
      <w n="3-35">
        <text>Tÿrrenum</text>
        <refs nrefs="6-6"/>
      </w>
      <w n="3-36">
        <text>stadia</text>
        <refs nrefs="6-9"/>
      </w>
      <w n="3-37">
        <text>II</text>
        <refs nrefs="6-10"/>
      </w>
      <w n="3-38">
        <text>M</text>
        <refs nrefs="6-10"/>
      </w>
      <w n="3-39">
        <text>DCCC</text>
        <refs nrefs="6-10"/>
      </w>
      <w n="3-40">
        <text>.</text>
      </w>
      <w n="3-41">
        <text>inde</text>
      </w>
      <w n="3-42">
        <text>ad</text>
        <refs nrefs="6-12"/>
      </w>
      <w n="3-43">
        <text>Gades</text>
        <refs nrefs="6-13"/>
      </w>
      <w n="3-44">
        <text>naviganti</text>
        <refs nrefs="7-1"/>
      </w>
      <w n="3-45">
        <text>supra</text>
        <refs nrefs="7-1"/>
      </w>
      <w n="3-46">
        <text>Gÿmnesias</text>
        <refs nrefs="7-2"/>
      </w>
      <w n="3-47">
        <text>insulas</text>
        <refs nrefs="7-3"/>
      </w>
      <w n="3-48">
        <text>stadia</text>
        <refs nrefs="7-4"/>
      </w>
      <w n="3-49">
        <text>X</text>
        <refs nrefs="7-5"/>
      </w>
      <w n="3-50">
        <text>M.</text>
        <refs nrefs="7-5"/>
      </w>
      <w n="3-51">
        <text>a</text>
        <refs nrefs="7-7"/>
      </w>
      <w n="3-52">
        <text>Gadibus</text>
        <refs nrefs="7-8"/>
      </w>
      <w n="3-53">
        <text>autem</text>
        <refs nrefs="7-9"/>
      </w>
      <w n="3-54">
        <text>juxta</text>
      </w>
      <w n="3-55">
        <text>Sacrum</text>
        <refs nrefs="7-11"/>
      </w>
      <w n="3-56">
        <text>promontorium</text>
        <refs nrefs="7-12"/>
      </w>
      <w n="3-57">
        <text>,</text>
      </w>
      <w n="3-58">
        <text>ad</text>
        <comment class="mark">del. H</comment>
      </w>
      <w n="3-59">
        <text>Nerium</text>
        <comment class="mark">del. H</comment>
      </w>
      <w n="3-60">
        <text>promontorium</text>
        <comment class="mark">del. H</comment>
      </w>
      <w n="3-61">
        <text>,</text>
      </w>
      <w n="3-62">
        <text>et</text>
        <comment class="mark">add. H1</comment>
        <refs nrefs="8-1"/>
      </w>
      <w n="3-63">
        <text>portum</text>
        <refs nrefs="8-3"/>
      </w>
      <w n="3-64">
        <text>Artabrorum</text>
        <refs nrefs="8-2"/>
      </w>
      <w n="3-65">
        <text>stadia</text>
        <refs nrefs="8-4"/>
      </w>
      <w n="3-66">
        <text>VII</text>
        <refs nrefs="8-5"/>
      </w>
      <w n="3-67">
        <text>M</text>
        <refs nrefs="8-5"/>
      </w>
      <w n="3-68">
        <text>CCC</text>
        <refs nrefs="8-5"/>
      </w>
      <w n="3-69">
        <text>XXXII</text>
        <refs nrefs="8-5"/>
      </w>
      <w n="3-70">
        <text>.</text>
      </w>
      <w n="3-71">
        <text>ﬁunt</text>
        <refs nrefs="8-8"/>
      </w>
      <w n="3-72">
        <text>in</text>
        <refs nrefs="8-7"/>
      </w>
      <w n="3-73">
        <text>universum</text>
        <refs nrefs="8-7"/>
      </w>
      <w n="3-74">
        <text>stadiorum</text>
      </w>
      <w n="3-75">
        <text>LXXII</text>
        <refs nrefs="8-10 8-12"/>
      </w>
      <w n="3-76">
        <text>M</text>
        <refs nrefs="8-9"/>
      </w>
      <w n="3-77">
        <text>CCCC</text>
        <refs nrefs="8-10 8-12"/>
      </w>
      <w n="3-78">
        <text>LXXVII</text>
        <refs nrefs="8-10 8-12"/>
      </w>
      <w n="3-79">
        <text>.</text>
      </w>
    </wds>
  </sentence>
</aligned-text>