<aligned-text xmlns="http://alpheios.net/namespaces/aligned-text">
  <language lnum="L1" xml:lang="grc" dir="ltr"/>
  <language lnum="L2" xml:lang="grc" dir="ltr"/>
  <sentence id="1" document_id="">
    <wds lnum="L1">
      <comment xmlns:ns_1="http://www.w3.org/1999/xlink" class="uri"/>
      <w n="1-1">
        <text>Περὶ</text>
      </w>
      <w n="1-2">
        <text>πελαγῶν·</text>
      </w>
      <w n="1-3">
        <text>Διαδέχεται</text>
        <refs nrefs="1-1"/>
      </w>
      <w n="1-4">
        <text>τὸ</text>
        <refs nrefs="1-2"/>
      </w>
      <w n="1-5">
        <text>Αἰγαῖον</text>
        <refs nrefs="1-3"/>
      </w>
      <w n="1-6">
        <text>πέλαγος</text>
      </w>
      <w n="1-7">
        <text>Ἑλλήσποντος</text>
        <refs nrefs="1-4"/>
      </w>
      <w n="1-8">
        <text>λῆγον</text>
        <refs nrefs="1-5"/>
      </w>
      <w n="1-9">
        <text>εἰς</text>
        <refs nrefs="1-6"/>
      </w>
      <w n="1-10">
        <text>Ἄβυδον</text>
        <refs nrefs="1-7"/>
      </w>
      <w n="1-11">
        <text>καὶ</text>
        <refs nrefs="1-8"/>
      </w>
      <w n="1-12">
        <text>Σηστόν·</text>
        <refs nrefs="1-9"/>
      </w>
      <w n="1-13">
        <text>εἶτα</text>
        <refs nrefs="1-10"/>
      </w>
      <w n="1-14">
        <text>ἡ</text>
        <refs nrefs="1-11"/>
      </w>
      <w n="1-15">
        <text>Προποντὶς</text>
        <refs nrefs="1-12"/>
      </w>
      <w n="1-16">
        <text>λήγουσα</text>
      </w>
      <w n="1-17">
        <text>εἰς</text>
        <refs nrefs="1-14"/>
      </w>
      <w n="1-18">
        <text>Χαλκηδόνα</text>
        <refs nrefs="1-15"/>
      </w>
      <w n="1-19">
        <text>καὶ</text>
        <refs nrefs="1-16"/>
      </w>
      <w n="1-20">
        <text>Βυζάντιον·</text>
        <refs nrefs="1-17"/>
      </w>
      <w n="1-21">
        <text>ἔνθα</text>
        <refs nrefs="2-1"/>
      </w>
      <w n="1-22">
        <text>τὰ</text>
        <refs nrefs="2-2"/>
      </w>
      <w n="1-23">
        <text>στενά</text>
        <refs nrefs="2-3"/>
      </w>
      <w n="1-24">
        <text>,</text>
      </w>
      <w n="1-25">
        <text>ἀφ᾿</text>
        <refs nrefs="2-4"/>
      </w>
      <w n="1-26">
        <text>ὧν</text>
        <refs nrefs="2-5"/>
      </w>
      <w n="1-27">
        <text>ὁ</text>
        <refs nrefs="2-6"/>
      </w>
      <w n="1-28">
        <text>Πόντος</text>
        <refs nrefs="2-7"/>
      </w>
      <w n="1-29">
        <text>ἄρχεται·</text>
        <refs nrefs="2-8"/>
      </w>
      <w n="1-30">
        <text>εἶτα</text>
        <refs nrefs="2-9"/>
      </w>
      <w n="1-31">
        <text>ἡ</text>
        <refs nrefs="2-10"/>
      </w>
      <w n="1-32">
        <text>Μαιῶτις</text>
        <refs nrefs="2-11"/>
      </w>
      <w n="1-33">
        <text>λίμνη</text>
        <refs nrefs="2-12"/>
      </w>
      <w n="1-34">
        <text>.</text>
      </w>
      <w n="2-1">
        <text>Πάλιν</text>
        <refs nrefs="2-13"/>
      </w>
      <w n="2-2">
        <text>δὲ</text>
        <refs nrefs="2-14"/>
      </w>
      <w n="2-3">
        <text>ἀπ᾿</text>
        <refs nrefs="2-15"/>
      </w>
      <w n="2-4">
        <text>ἀρχῆς</text>
        <refs nrefs="2-16"/>
      </w>
      <w n="2-5">
        <text>Εὐρώπης</text>
        <refs nrefs="2-17"/>
      </w>
      <w n="2-6">
        <text>καὶ</text>
        <refs nrefs="2-18"/>
      </w>
      <w n="2-7">
        <text>Λιβύης</text>
        <refs nrefs="2-19"/>
      </w>
      <w n="2-8">
        <text>Ἰβηρικὸν</text>
        <refs nrefs="2-21"/>
      </w>
      <w n="2-9">
        <text>τὸ</text>
        <refs nrefs="2-22"/>
      </w>
      <w n="2-10">
        <text>ἀπὸ</text>
        <refs nrefs="2-23"/>
      </w>
      <w n="2-11">
        <text>Στηλῶν</text>
        <refs nrefs="2-24"/>
      </w>
      <w n="2-12">
        <text>εἰς</text>
        <refs nrefs="2-25"/>
      </w>
      <w n="2-13">
        <text>Πυρήνην</text>
        <refs nrefs="2-26"/>
      </w>
      <w n="2-14">
        <text>τὸ</text>
        <refs nrefs="2-27"/>
      </w>
      <w n="2-15">
        <text>ὄρος·</text>
        <refs nrefs="2-28"/>
      </w>
      <w n="2-16">
        <text>Λιγυστικὸν</text>
        <refs nrefs="2-29"/>
      </w>
      <w n="2-17">
        <text>δὲ</text>
        <refs nrefs="2-30"/>
      </w>
      <w n="2-18">
        <text>τὸ</text>
        <refs nrefs="2-31"/>
      </w>
      <w n="2-19">
        <text>ἕως</text>
        <refs nrefs="2-32"/>
      </w>
      <w n="2-20">
        <text>τῶν</text>
        <refs nrefs="2-33"/>
      </w>
      <w n="2-21">
        <text>τῆς</text>
        <refs nrefs="2-34"/>
      </w>
      <w n="2-22">
        <text>Τυρρηνίας</text>
        <refs nrefs="2-35"/>
      </w>
      <w n="2-23">
        <text>περάτων·</text>
        <refs nrefs="2-36"/>
      </w>
      <w n="2-24">
        <text>Σαρδώνιον</text>
      </w>
      <w n="2-25">
        <text>δὲ</text>
        <refs nrefs="3-2"/>
      </w>
      <w n="2-26">
        <text>τὸ</text>
        <refs nrefs="3-3"/>
      </w>
      <w n="2-27">
        <text>ὑπὲρ</text>
        <refs nrefs="3-4"/>
      </w>
      <w n="2-28">
        <text>τὴν</text>
      </w>
      <w n="2-29">
        <text>Σαρδὼ</text>
        <refs nrefs="3-5"/>
      </w>
      <w n="2-30">
        <text>νεῦον</text>
        <refs nrefs="3-6"/>
      </w>
      <w n="2-31">
        <text>πρὸς</text>
        <refs nrefs="3-7"/>
      </w>
      <w n="2-32">
        <text>τὴν</text>
      </w>
      <w n="2-33">
        <text>Λιβύην</text>
        <refs nrefs="3-8"/>
      </w>
      <w n="2-34">
        <text>κάτω·</text>
        <refs nrefs="3-9"/>
      </w>
      <w n="2-35">
        <text>Τυρρηνικὸν</text>
        <refs nrefs="3-10 3-22"/>
      </w>
      <w n="2-36">
        <text>δὲ</text>
        <refs nrefs="3-23"/>
      </w>
      <w n="2-37">
        <text>τὸ</text>
        <refs nrefs="3-24"/>
      </w>
      <w n="2-38">
        <text>μέχρι</text>
        <refs nrefs="3-25"/>
      </w>
      <w n="2-39">
        <text>Σικελίας</text>
        <refs nrefs="3-26"/>
      </w>
      <w n="2-40">
        <text>λῆγον</text>
        <refs nrefs="3-27"/>
      </w>
      <w n="2-41">
        <text>,</text>
      </w>
      <w n="2-42">
        <text>ἀρχόμενον</text>
        <refs nrefs="3-28"/>
      </w>
      <w n="2-43">
        <text>ἀπὸ</text>
        <refs nrefs="3-29"/>
      </w>
      <w n="2-44">
        <text>Λιγυστικῆς</text>
        <refs nrefs="3-31"/>
      </w>
      <w n="2-45">
        <text>ἄκρων·</text>
        <refs nrefs="3-32"/>
      </w>
      <w n="2-46">
        <text>εἶτα</text>
        <refs nrefs="4-1"/>
      </w>
      <w n="2-47">
        <text>Λιβυκόν·</text>
        <refs nrefs="4-2"/>
      </w>
      <w n="2-48">
        <text>εἶτα</text>
        <refs nrefs="4-3"/>
      </w>
      <w n="2-49">
        <text>Κρητικὸν</text>
        <refs nrefs="4-4"/>
      </w>
      <w n="2-50">
        <text>καὶ</text>
        <refs nrefs="4-5"/>
      </w>
      <w n="2-51">
        <text>Σικελικὸν</text>
        <refs nrefs="4-6"/>
      </w>
      <w n="2-52">
        <text>καὶ</text>
        <refs nrefs="4-7"/>
      </w>
      <w n="2-53">
        <text>Ἰώνιον</text>
        <refs nrefs="4-8"/>
      </w>
      <w n="2-54">
        <text>καὶ</text>
        <refs nrefs="4-9"/>
      </w>
      <w n="2-55">
        <text>Ἄδριον</text>
        <refs nrefs="4-10"/>
      </w>
      <w n="2-56">
        <text>,</text>
      </w>
      <w n="2-57">
        <text>τὸ</text>
      </w>
      <w n="2-58">
        <text>δὲ</text>
      </w>
      <w n="2-59">
        <text>ἀνακεχυμένον</text>
        <refs nrefs="4-12"/>
      </w>
      <w n="2-60">
        <text>ἐκ</text>
        <refs nrefs="4-13"/>
      </w>
      <w n="2-61">
        <text>τοῦ</text>
        <refs nrefs="4-14"/>
      </w>
      <w n="2-62">
        <text>Σικελικοῦ</text>
        <refs nrefs="4-15"/>
      </w>
      <w n="2-63">
        <text>πελάγους</text>
        <refs nrefs="4-16"/>
      </w>
      <w n="2-64">
        <text>,</text>
      </w>
      <w n="2-65">
        <text>ὃν</text>
        <refs nrefs="4-17"/>
      </w>
      <w n="2-66">
        <text>καλοῦσιν</text>
        <refs nrefs="4-18"/>
      </w>
      <w n="2-67">
        <text>Κορινθιακὸν</text>
        <refs nrefs="4-19"/>
      </w>
      <w n="2-68">
        <text>κόλπον</text>
        <refs nrefs="4-20"/>
      </w>
      <w n="2-69">
        <text>ἤτοι</text>
        <refs nrefs="4-21"/>
      </w>
      <w n="2-70">
        <text>Ἀλκυονίδα</text>
        <refs nrefs="4-22"/>
      </w>
      <w n="2-71">
        <text>θάλασσαν</text>
        <refs nrefs="4-23"/>
      </w>
      <w n="2-72">
        <text>.</text>
      </w>
      <w n="3-1">
        <text>Τῷ</text>
      </w>
      <w n="3-2">
        <text>δὲ</text>
        <refs nrefs="5-2"/>
      </w>
      <w n="3-3">
        <text>Σουνίῳ</text>
        <refs nrefs="5-3"/>
      </w>
      <w n="3-4">
        <text>καὶ</text>
        <refs nrefs="5-4"/>
      </w>
      <w n="3-5">
        <text>Σκυλλαίῳ</text>
        <refs nrefs="5-5"/>
      </w>
      <w n="3-6">
        <text>περιεχόμενον</text>
        <refs nrefs="5-6"/>
      </w>
      <w n="3-7">
        <text>πέλαγος</text>
        <refs nrefs="5-7"/>
      </w>
      <w n="3-8">
        <text>Σαρωνικόν·</text>
        <refs nrefs="5-11"/>
      </w>
      <w n="3-9">
        <text>εἶτα</text>
        <refs nrefs="5-13"/>
      </w>
      <w n="3-10">
        <text>Μυρτῷον</text>
        <refs nrefs="5-14"/>
      </w>
      <w n="3-11">
        <text>καὶ</text>
        <refs nrefs="5-15"/>
      </w>
      <w n="3-12">
        <text>Ἰκάριον</text>
        <refs nrefs="5-16 5-25"/>
      </w>
      <w n="3-13">
        <text>,</text>
      </w>
      <w n="3-14">
        <text>ἐν</text>
        <refs nrefs="5-26"/>
      </w>
      <w n="3-15">
        <text>ᾧ</text>
        <refs nrefs="5-27"/>
      </w>
      <w n="3-16">
        <text>αἱ</text>
        <refs nrefs="6-3"/>
      </w>
      <w n="3-17">
        <text>Κυκλάδες·</text>
        <refs nrefs="6-4"/>
      </w>
      <w n="3-18">
        <text>εἶτα</text>
        <refs nrefs="6-5"/>
      </w>
      <w n="3-19">
        <text>Καρπάθιον</text>
        <refs nrefs="6-6"/>
      </w>
      <w n="3-20">
        <text>καὶ</text>
        <refs nrefs="6-7"/>
      </w>
      <w n="3-21">
        <text>Παμφύλιον</text>
        <refs nrefs="6-8 6-9"/>
      </w>
      <w n="3-22">
        <text>καὶ</text>
        <refs nrefs="7-2"/>
      </w>
      <w n="3-23">
        <text>Αἰγύπτιον</text>
        <refs nrefs="7-3"/>
      </w>
      <w n="3-24">
        <text>.</text>
      </w>
      <w n="4-1">
        <text>ὑπὲρ</text>
        <refs nrefs="7-4"/>
      </w>
      <w n="4-2">
        <text>δὲ</text>
        <refs nrefs="7-5"/>
      </w>
      <w n="4-3">
        <text>τὸ</text>
        <refs nrefs="7-6"/>
      </w>
      <w n="4-4">
        <text>Ἰκάριον</text>
        <refs nrefs="7-7"/>
      </w>
      <w n="4-5">
        <text>ἑξῆς</text>
        <refs nrefs="7-8"/>
      </w>
      <w n="4-6">
        <text>ἀναχεῖται</text>
        <refs nrefs="7-9"/>
      </w>
      <w n="4-7">
        <text>τὸ</text>
        <refs nrefs="7-10"/>
      </w>
      <w n="4-8">
        <text>Αἰγαῖον</text>
        <refs nrefs="7-11"/>
      </w>
      <w n="4-9">
        <text>.</text>
      </w>
      <w n="5-1">
        <text>Ἔστι</text>
        <refs nrefs="8-1"/>
      </w>
      <w n="5-2">
        <text>δὲ</text>
        <refs nrefs="8-2"/>
      </w>
      <w n="5-3">
        <text>ὁ</text>
        <refs nrefs="8-3"/>
      </w>
      <w n="5-4">
        <text>τῆς</text>
        <refs nrefs="8-4"/>
      </w>
      <w n="5-5">
        <text>Εὐρώπης</text>
        <refs nrefs="8-5"/>
      </w>
      <w n="5-6">
        <text>παράπλους</text>
        <refs nrefs="8-6"/>
      </w>
      <w n="5-7">
        <text>ἀπὸ</text>
        <refs nrefs="8-8"/>
      </w>
      <w n="5-8">
        <text>Τανάιδος</text>
        <refs nrefs="8-9"/>
      </w>
      <w n="5-9">
        <text>ποταμοῦ</text>
        <refs nrefs="8-10"/>
      </w>
      <w n="5-10">
        <text>ἐκβολῶν</text>
        <refs nrefs="8-11"/>
      </w>
      <w n="5-11">
        <text>ἕως</text>
        <refs nrefs="8-15"/>
      </w>
      <w n="5-12">
        <text>Ἡρακλέους</text>
      </w>
      <w n="5-13">
        <text>στηλῶν</text>
        <refs nrefs="8-17"/>
      </w>
      <w n="5-14">
        <text>στάδια</text>
      </w>
      <w n="5-15">
        <text>ς</text>
        <refs nrefs="8-21"/>
      </w>
      <w n="5-16">
        <text>ˏθψθˊ</text>
        <refs nrefs="8-23"/>
      </w>
      <w n="5-17">
        <text>(</text>
      </w>
      <w n="5-18">
        <text>69</text>
      </w>
      <w n="5-19">
        <text>709</text>
      </w>
      <w n="5-20">
        <text>)</text>
      </w>
      <w n="5-21">
        <text>·</text>
      </w>
      <w n="5-22">
        <text>τῆς</text>
        <refs nrefs="9-1"/>
      </w>
      <w n="5-23">
        <text>δὲ</text>
        <refs nrefs="9-2"/>
      </w>
      <w n="5-24">
        <text>Λιβύης</text>
        <refs nrefs="9-3"/>
      </w>
      <w n="5-25">
        <text>ἀπὸ</text>
        <refs nrefs="9-4"/>
      </w>
      <w n="5-26">
        <text>Τίγας</text>
      </w>
      <w n="5-27">
        <text>ἕως</text>
        <refs nrefs="9-6"/>
      </w>
      <w n="5-28">
        <text>στόματος</text>
        <refs nrefs="9-7"/>
      </w>
      <w n="5-29">
        <text>Κανωβικοῦ</text>
        <refs nrefs="9-8"/>
      </w>
      <w n="5-30">
        <text>στάδια</text>
      </w>
      <w n="5-31">
        <text>β</text>
        <refs nrefs="9-12"/>
      </w>
      <w n="5-32">
        <text>ˏθσνβˊ</text>
        <refs nrefs="9-14"/>
      </w>
      <w n="5-33">
        <text>(</text>
      </w>
      <w n="5-34">
        <text>29</text>
      </w>
      <w n="5-35">
        <text>252</text>
      </w>
      <w n="5-36">
        <text>)</text>
      </w>
      <w n="5-37">
        <text>,</text>
      </w>
      <w n="5-38">
        <text>τῆς</text>
        <refs nrefs="10-1"/>
      </w>
      <w n="5-39">
        <text>δὲ</text>
        <refs nrefs="10-2"/>
      </w>
      <w n="5-40">
        <text>Ἀσίας</text>
        <refs nrefs="10-3"/>
      </w>
      <w n="5-41">
        <text>ἀπὸ</text>
        <refs nrefs="10-4"/>
      </w>
      <w n="5-42">
        <text>Κανώβου</text>
        <refs nrefs="10-5"/>
      </w>
      <w n="5-43">
        <text>ἕως</text>
        <refs nrefs="10-6"/>
      </w>
      <w n="5-44">
        <text>Τανάιδος</text>
        <refs nrefs="10-7"/>
      </w>
      <w n="5-45">
        <text>ποταμοῦ</text>
        <refs nrefs="10-8"/>
      </w>
      <w n="5-46">
        <text>μετὰ</text>
        <refs nrefs="10-9"/>
      </w>
      <w n="5-47">
        <text>τῶν</text>
        <refs nrefs="10-10"/>
      </w>
      <w n="5-48">
        <text>κόλπων</text>
        <refs nrefs="10-11"/>
      </w>
      <w n="5-49">
        <text>ὁ</text>
        <refs nrefs="10-12"/>
      </w>
      <w n="5-50">
        <text>παράπλους</text>
        <refs nrefs="10-13 10-14"/>
      </w>
      <w n="5-51">
        <text>στάδια</text>
      </w>
      <w n="5-52">
        <text>δ</text>
        <refs nrefs="10-18"/>
      </w>
      <w n="5-53">
        <text>ˏριαˊ</text>
        <refs nrefs="10-20"/>
      </w>
      <w n="5-54">
        <text>(</text>
      </w>
      <w n="5-55">
        <text>40</text>
      </w>
      <w n="5-56">
        <text>111</text>
      </w>
      <w n="5-57">
        <text>)</text>
      </w>
      <w n="5-58">
        <text>.</text>
      </w>
      <w n="6-1">
        <text>Ὁμοῦ</text>
        <refs nrefs="10-26"/>
      </w>
      <w n="6-2">
        <text>παράλιος</text>
        <refs nrefs="10-27"/>
      </w>
      <w n="6-3">
        <text>σὺν</text>
        <refs nrefs="10-28"/>
      </w>
      <w n="6-4">
        <text>κόλποις</text>
        <refs nrefs="10-29"/>
      </w>
      <w n="6-5">
        <text>τῆς</text>
        <refs nrefs="10-30"/>
      </w>
      <w n="6-6">
        <text>καθ᾿</text>
        <refs nrefs="10-31"/>
      </w>
      <w n="6-7">
        <text>ἡμᾶς</text>
        <refs nrefs="10-32"/>
      </w>
      <w n="6-8">
        <text>οἰκουμένης</text>
        <refs nrefs="10-33"/>
      </w>
      <w n="6-9">
        <text>στάδια</text>
      </w>
      <w n="6-10">
        <text>ιγ</text>
        <refs nrefs="10-37"/>
      </w>
      <w n="6-11">
        <text>ˏθοβˊ</text>
        <refs nrefs="10-39"/>
      </w>
      <w n="6-12">
        <text>(</text>
      </w>
      <w n="6-13">
        <text>139</text>
      </w>
      <w n="6-14">
        <text>072</text>
      </w>
      <w n="6-15">
        <text>)</text>
      </w>
      <w n="6-16">
        <text>.</text>
      </w>
    </wds>
    <wds lnum="L2">
      <comment xmlns:ns_1="http://www.w3.org/1999/xlink" class="uri"/>
      <w n="1-1">
        <text>διαδέχεται</text>
        <refs nrefs="1-3"/>
      </w>
      <w n="1-2">
        <text>τὸ</text>
        <refs nrefs="1-4"/>
      </w>
      <w n="1-3">
        <text>αἰγαῖον</text>
        <refs nrefs="1-5"/>
      </w>
      <w n="1-4">
        <text>ἑλλήσποντος</text>
        <refs nrefs="1-7"/>
      </w>
      <w n="1-5">
        <text>λῆγον</text>
        <refs nrefs="1-8"/>
      </w>
      <w n="1-6">
        <text>εἰς</text>
        <refs nrefs="1-9"/>
      </w>
      <w n="1-7">
        <text>ἄβυδον</text>
        <refs nrefs="1-10"/>
      </w>
      <w n="1-8">
        <text>καὶ</text>
        <refs nrefs="1-11"/>
      </w>
      <w n="1-9">
        <text>σηστόν·</text>
        <refs nrefs="1-12"/>
      </w>
      <w n="1-10">
        <text>εἶτα</text>
        <refs nrefs="1-13"/>
      </w>
      <w n="1-11">
        <text>ἡ</text>
        <refs nrefs="1-14"/>
      </w>
      <w n="1-12">
        <text>προποντὶς</text>
        <refs nrefs="1-15"/>
      </w>
      <w n="1-13">
        <text>λήγει</text>
      </w>
      <w n="1-14">
        <text>εἰς</text>
        <refs nrefs="1-17"/>
      </w>
      <w n="1-15">
        <text>χαλκηδόνα</text>
        <refs nrefs="1-18"/>
      </w>
      <w n="1-16">
        <text>καὶ</text>
        <refs nrefs="1-19"/>
      </w>
      <w n="1-17">
        <text>βυζάντιον</text>
        <refs nrefs="1-20"/>
      </w>
      <w n="1-18">
        <text>.</text>
      </w>
      <w n="2-1">
        <text>ἔνθα</text>
        <refs nrefs="1-21"/>
      </w>
      <w n="2-2">
        <text>τὰ</text>
        <refs nrefs="1-22"/>
      </w>
      <w n="2-3">
        <text>στενὰ</text>
        <refs nrefs="1-23"/>
      </w>
      <w n="2-4">
        <text>ἀφ᾿</text>
        <refs nrefs="1-25"/>
      </w>
      <w n="2-5">
        <text>ὧν</text>
        <refs nrefs="1-26"/>
      </w>
      <w n="2-6">
        <text>ὁ</text>
        <refs nrefs="1-27"/>
      </w>
      <w n="2-7">
        <text>πόντος</text>
        <refs nrefs="1-28"/>
      </w>
      <w n="2-8">
        <text>ἄρχεται·</text>
        <refs nrefs="1-29"/>
      </w>
      <w n="2-9">
        <text>εἶτα</text>
        <refs nrefs="1-30"/>
      </w>
      <w n="2-10">
        <text>ἡ</text>
        <refs nrefs="1-31"/>
      </w>
      <w n="2-11">
        <text>μαιῶτις</text>
        <refs nrefs="1-32"/>
      </w>
      <w n="2-12">
        <text>λίμνη·</text>
        <refs nrefs="1-33"/>
      </w>
      <w n="2-13">
        <text>πάλιν</text>
        <refs nrefs="2-1"/>
      </w>
      <w n="2-14">
        <text>δὲ</text>
        <refs nrefs="2-2"/>
      </w>
      <w n="2-15">
        <text>ἀπ᾿</text>
        <refs nrefs="2-3"/>
      </w>
      <w n="2-16">
        <text>ἀρχῆς</text>
        <refs nrefs="2-4"/>
      </w>
      <w n="2-17">
        <text>εὐρώπης</text>
        <refs nrefs="2-5"/>
      </w>
      <w n="2-18">
        <text>καὶ</text>
        <refs nrefs="2-6"/>
      </w>
      <w n="2-19">
        <text>λιβύης</text>
        <refs nrefs="2-7"/>
      </w>
      <w n="2-20">
        <text>,</text>
      </w>
      <w n="2-21">
        <text>ἰβηρικὸν</text>
        <refs nrefs="2-8"/>
      </w>
      <w n="2-22">
        <text>τὸ</text>
        <refs nrefs="2-9"/>
      </w>
      <w n="2-23">
        <text>ἀπὸ</text>
        <refs nrefs="2-10"/>
      </w>
      <w n="2-24">
        <text>στηλῶν</text>
        <refs nrefs="2-11"/>
      </w>
      <w n="2-25">
        <text>εἰς</text>
        <refs nrefs="2-12"/>
      </w>
      <w n="2-26">
        <text>πυρήνην</text>
        <refs nrefs="2-13"/>
      </w>
      <w n="2-27">
        <text>τὸ</text>
        <refs nrefs="2-14"/>
      </w>
      <w n="2-28">
        <text>ὄρος·</text>
        <refs nrefs="2-15"/>
      </w>
      <w n="2-29">
        <text>λιγυστικὸν</text>
        <refs nrefs="2-16"/>
      </w>
      <w n="2-30">
        <text>δὲ</text>
        <refs nrefs="2-17"/>
      </w>
      <w n="2-31">
        <text>τὸ</text>
        <refs nrefs="2-18"/>
      </w>
      <w n="2-32">
        <text>ἕως</text>
        <refs nrefs="2-19"/>
      </w>
      <w n="2-33">
        <text>τῶν</text>
        <refs nrefs="2-20"/>
      </w>
      <w n="2-34">
        <text>τῆς</text>
        <refs nrefs="2-21"/>
      </w>
      <w n="2-35">
        <text>τυρηνίας</text>
        <refs nrefs="2-22"/>
      </w>
      <w n="2-36">
        <text>περάτων</text>
        <refs nrefs="2-23"/>
      </w>
      <w n="2-37">
        <text>.</text>
      </w>
      <w n="3-1">
        <text>σαρδῶον</text>
      </w>
      <w n="3-2">
        <text>δὲ</text>
        <refs nrefs="2-25"/>
      </w>
      <w n="3-3">
        <text>τὸ</text>
        <refs nrefs="2-26"/>
      </w>
      <w n="3-4">
        <text>ὑπὲρ</text>
        <refs nrefs="2-27"/>
      </w>
      <w n="3-5">
        <text>σαρδὼ</text>
        <refs nrefs="2-29"/>
      </w>
      <w n="3-6">
        <text>νεῦον</text>
        <refs nrefs="2-30"/>
      </w>
      <w n="3-7">
        <text>πρὸς</text>
        <refs nrefs="2-31"/>
      </w>
      <w n="3-8">
        <text>λιβύην</text>
        <refs nrefs="2-33"/>
      </w>
      <w n="3-9">
        <text>κάτω·</text>
        <refs nrefs="2-34"/>
      </w>
      <w n="3-10">
        <text>τυρ</text>
        <refs nrefs="2-35"/>
      </w>
      <w n="3-11">
        <text>(</text>
      </w>
      <w n="3-12">
        <text>rho</text>
      </w>
      <w n="3-13">
        <text>inizialmente</text>
      </w>
      <w n="3-14">
        <text>doppia</text>
      </w>
      <w n="3-15">
        <text>e</text>
      </w>
      <w n="3-16">
        <text>poi</text>
      </w>
      <w n="3-17">
        <text>corretta</text>
      </w>
      <w n="3-18">
        <text>dallo</text>
      </w>
      <w n="3-19">
        <text>stesso</text>
      </w>
      <w n="3-20">
        <text>copista</text>
      </w>
      <w n="3-21">
        <text>)</text>
      </w>
      <w n="3-22">
        <text>ηνικὸν</text>
        <refs nrefs="2-35"/>
      </w>
      <w n="3-23">
        <text>δὲ</text>
        <refs nrefs="2-36"/>
      </w>
      <w n="3-24">
        <text>τὸ</text>
        <refs nrefs="2-37"/>
      </w>
      <w n="3-25">
        <text>μέχρι</text>
        <refs nrefs="2-38"/>
      </w>
      <w n="3-26">
        <text>σικελίας</text>
        <refs nrefs="2-39"/>
      </w>
      <w n="3-27">
        <text>λῆγον</text>
        <refs nrefs="2-40"/>
      </w>
      <w n="3-28">
        <text>ἀρχόμενον</text>
        <refs nrefs="2-42"/>
      </w>
      <w n="3-29">
        <text>ἀπὸ</text>
        <refs nrefs="2-43"/>
      </w>
      <w n="3-30">
        <text>τῶν</text>
      </w>
      <w n="3-31">
        <text>λιγυστικῆς</text>
        <refs nrefs="2-44"/>
      </w>
      <w n="3-32">
        <text>ἄκρων</text>
        <refs nrefs="2-45"/>
      </w>
      <w n="3-33">
        <text>.</text>
      </w>
      <w n="4-1">
        <text>εἶτα</text>
        <refs nrefs="2-46"/>
      </w>
      <w n="4-2">
        <text>λιβυκόν·</text>
        <refs nrefs="2-47"/>
      </w>
      <w n="4-3">
        <text>εἶτα</text>
        <refs nrefs="2-48"/>
      </w>
      <w n="4-4">
        <text>κρητικὸν</text>
        <refs nrefs="2-49"/>
      </w>
      <w n="4-5">
        <text>καὶ</text>
        <refs nrefs="2-50"/>
      </w>
      <w n="4-6">
        <text>σικελικὸν</text>
        <refs nrefs="2-51"/>
      </w>
      <w n="4-7">
        <text>καὶ</text>
        <refs nrefs="2-52"/>
      </w>
      <w n="4-8">
        <text>ἰώνιον</text>
        <refs nrefs="2-53"/>
      </w>
      <w n="4-9">
        <text>καὶ</text>
        <refs nrefs="2-54"/>
      </w>
      <w n="4-10">
        <text>ἀδρίαν</text>
        <refs nrefs="2-55"/>
      </w>
      <w n="4-11">
        <text>τὸν</text>
      </w>
      <w n="4-12">
        <text>ἀνακεχυμένον</text>
        <refs nrefs="2-59"/>
      </w>
      <w n="4-13">
        <text>ἐκ</text>
        <refs nrefs="2-60"/>
      </w>
      <w n="4-14">
        <text>τοῦ</text>
        <refs nrefs="2-61"/>
      </w>
      <w n="4-15">
        <text>σικελικοῦ</text>
        <refs nrefs="2-62"/>
      </w>
      <w n="4-16">
        <text>πελάγους·</text>
        <refs nrefs="2-63"/>
      </w>
      <w n="4-17">
        <text>ὃν</text>
        <refs nrefs="2-65"/>
      </w>
      <w n="4-18">
        <text>καλοῦσι</text>
        <refs nrefs="2-66"/>
      </w>
      <w n="4-19">
        <text>κορινθιακὸν</text>
        <refs nrefs="2-67"/>
      </w>
      <w n="4-20">
        <text>κόλπον·</text>
        <refs nrefs="2-68"/>
      </w>
      <w n="4-21">
        <text>ἤτοι</text>
        <refs nrefs="2-69"/>
      </w>
      <w n="4-22">
        <text>ἀλκυονίδα</text>
        <refs nrefs="2-70"/>
      </w>
      <w n="4-23">
        <text>θάλασσαν</text>
        <refs nrefs="2-71"/>
      </w>
      <w n="4-24">
        <text>.</text>
      </w>
      <w n="5-1">
        <text>τὸ</text>
      </w>
      <w n="5-2">
        <text>δὲ</text>
        <refs nrefs="3-2"/>
      </w>
      <w n="5-3">
        <text>σουνίῳ</text>
        <refs nrefs="3-3"/>
      </w>
      <w n="5-4">
        <text>καὶ</text>
        <refs nrefs="3-4"/>
      </w>
      <w n="5-5">
        <text>σκυλλαίῳ</text>
        <refs nrefs="3-5"/>
      </w>
      <w n="5-6">
        <text>περιεχόμενον</text>
        <refs nrefs="3-6"/>
      </w>
      <w n="5-7">
        <text>πέλαγος</text>
        <refs nrefs="3-7"/>
      </w>
      <w n="5-8">
        <text>[</text>
      </w>
      <w n="5-9">
        <text>,</text>
      </w>
      <w n="5-10">
        <text>]</text>
      </w>
      <w n="5-11">
        <text>σαρωνικόν</text>
        <refs nrefs="3-8"/>
      </w>
      <w n="5-12">
        <text>·</text>
      </w>
      <w n="5-13">
        <text>εἶτα</text>
        <refs nrefs="3-9"/>
      </w>
      <w n="5-14">
        <text>μυρτῶον</text>
        <refs nrefs="3-10"/>
      </w>
      <w n="5-15">
        <text>καὶ</text>
        <refs nrefs="3-11"/>
      </w>
      <w n="5-16">
        <text>ἰκά</text>
        <refs nrefs="3-12"/>
      </w>
      <w n="5-17">
        <text>(</text>
      </w>
      <w n="5-18">
        <text>α</text>
      </w>
      <w n="5-19">
        <text>probabilmente</text>
      </w>
      <w n="5-20">
        <text>frutto</text>
      </w>
      <w n="5-21">
        <text>di</text>
      </w>
      <w n="5-22">
        <text>una</text>
      </w>
      <w n="5-23">
        <text>correzione</text>
      </w>
      <w n="5-24">
        <text>)</text>
      </w>
      <w n="5-25">
        <text>ριον·</text>
        <refs nrefs="3-12"/>
      </w>
      <w n="5-26">
        <text>ἐν</text>
        <refs nrefs="3-14"/>
      </w>
      <w n="5-27">
        <text>ὧ</text>
        <refs nrefs="3-15"/>
      </w>
      <w n="5-28">
        <text>(</text>
      </w>
      <w n="5-29">
        <text>scil</text>
      </w>
      <w n="5-30">
        <text>.</text>
      </w>
      <w n="6-1">
        <text>ᾧ</text>
      </w>
      <w n="6-2">
        <text>)</text>
      </w>
      <w n="6-3">
        <text>αἱ</text>
        <refs nrefs="3-16"/>
      </w>
      <w n="6-4">
        <text>κυκλάδες·</text>
        <refs nrefs="3-17"/>
      </w>
      <w n="6-5">
        <text>εἶτα</text>
        <refs nrefs="3-18"/>
      </w>
      <w n="6-6">
        <text>καρπάθιον</text>
        <refs nrefs="3-19"/>
      </w>
      <w n="6-7">
        <text>καὶ</text>
        <refs nrefs="3-20"/>
      </w>
      <w n="6-8">
        <text>παμ</text>
        <refs nrefs="3-21"/>
      </w>
      <w n="6-9">
        <text>φύλιον</text>
        <refs nrefs="3-21"/>
      </w>
      <w n="6-10">
        <text>[</text>
      </w>
      <w n="6-11">
        <text>.</text>
      </w>
      <w n="7-1">
        <text>]</text>
      </w>
      <w n="7-2">
        <text>καὶ</text>
        <refs nrefs="3-22"/>
      </w>
      <w n="7-3">
        <text>αἰγύπτιον·</text>
        <refs nrefs="3-23"/>
      </w>
      <w n="7-4">
        <text>ὑπὲρ</text>
        <refs nrefs="4-1"/>
      </w>
      <w n="7-5">
        <text>δὲ</text>
        <refs nrefs="4-2"/>
      </w>
      <w n="7-6">
        <text>τὸ</text>
        <refs nrefs="4-3"/>
      </w>
      <w n="7-7">
        <text>ἰκάριον</text>
        <refs nrefs="4-4"/>
      </w>
      <w n="7-8">
        <text>ἑξῆς</text>
        <refs nrefs="4-5"/>
      </w>
      <w n="7-9">
        <text>ἀνάκειται</text>
        <refs nrefs="4-6"/>
      </w>
      <w n="7-10">
        <text>τὸ</text>
        <refs nrefs="4-7"/>
      </w>
      <w n="7-11">
        <text>αἰγαῖον·</text>
        <refs nrefs="4-8"/>
      </w>
      <w n="7-12">
        <text>10</text>
      </w>
      <w n="7-13">
        <text>.</text>
      </w>
      <w n="8-1">
        <text>ἔστι</text>
        <refs nrefs="5-1"/>
      </w>
      <w n="8-2">
        <text>δὲ</text>
        <refs nrefs="5-2"/>
      </w>
      <w n="8-3">
        <text>ὁ</text>
        <refs nrefs="5-3"/>
      </w>
      <w n="8-4">
        <text>τῆς</text>
        <refs nrefs="5-4"/>
      </w>
      <w n="8-5">
        <text>εὐρώπης</text>
        <refs nrefs="5-5"/>
      </w>
      <w n="8-6">
        <text>παράπλους</text>
        <refs nrefs="5-6"/>
      </w>
      <w n="8-7">
        <text>,</text>
      </w>
      <w n="8-8">
        <text>ἀπὸ</text>
        <refs nrefs="5-7"/>
      </w>
      <w n="8-9">
        <text>τανάιδος</text>
        <refs nrefs="5-8"/>
      </w>
      <w n="8-10">
        <text>ποταμοῦ</text>
        <refs nrefs="5-9"/>
      </w>
      <w n="8-11">
        <text>ἐκβολῶν</text>
        <refs nrefs="5-10"/>
      </w>
      <w n="8-12">
        <text>[</text>
      </w>
      <w n="8-13">
        <text>,</text>
      </w>
      <w n="8-14">
        <text>]</text>
      </w>
      <w n="8-15">
        <text>ἕως</text>
        <refs nrefs="5-11"/>
      </w>
      <w n="8-16">
        <text>ἡρακλείων</text>
      </w>
      <w n="8-17">
        <text>στηλῶν</text>
        <refs nrefs="5-13"/>
      </w>
      <w n="8-18">
        <text>,</text>
      </w>
      <w n="8-19">
        <text>σταδίων</text>
      </w>
      <w n="8-20">
        <text>μυριάδων</text>
      </w>
      <w n="8-21">
        <text>ἓξ</text>
        <refs nrefs="5-15"/>
      </w>
      <w n="8-22">
        <text>καὶ</text>
      </w>
      <w n="8-23">
        <text>ˏθψθ</text>
        <refs nrefs="5-16"/>
      </w>
      <w n="8-24">
        <text>(</text>
      </w>
      <w n="8-25">
        <text>69</text>
      </w>
      <w n="8-26">
        <text>709</text>
      </w>
      <w n="8-27">
        <text>)</text>
      </w>
      <w n="8-28">
        <text>.</text>
      </w>
      <w n="9-1">
        <text>τῆς</text>
        <refs nrefs="5-22"/>
      </w>
      <w n="9-2">
        <text>δὲ</text>
        <refs nrefs="5-23"/>
      </w>
      <w n="9-3">
        <text>λιβύης</text>
        <refs nrefs="5-24"/>
      </w>
      <w n="9-4">
        <text>ἀπὸ</text>
        <refs nrefs="5-25"/>
      </w>
      <w n="9-5">
        <text>τιγγὸς</text>
      </w>
      <w n="9-6">
        <text>ἕως</text>
        <refs nrefs="5-27"/>
      </w>
      <w n="9-7">
        <text>στόματος</text>
        <refs nrefs="5-28"/>
      </w>
      <w n="9-8">
        <text>κανοβικοῦ</text>
        <refs nrefs="5-29"/>
      </w>
      <w n="9-9">
        <text>,</text>
      </w>
      <w n="9-10">
        <text>σταδίων</text>
      </w>
      <w n="9-11">
        <text>μυριάδων</text>
      </w>
      <w n="9-12">
        <text>δύο</text>
        <refs nrefs="5-31"/>
      </w>
      <w n="9-13">
        <text>καὶ</text>
      </w>
      <w n="9-14">
        <text>ˏθσνβ</text>
        <refs nrefs="5-32"/>
      </w>
      <w n="9-15">
        <text>(</text>
      </w>
      <w n="9-16">
        <text>29</text>
      </w>
      <w n="9-17">
        <text>252</text>
      </w>
      <w n="9-18">
        <text>)</text>
      </w>
      <w n="9-19">
        <text>.</text>
      </w>
      <w n="10-1">
        <text>τῆς</text>
        <refs nrefs="5-38"/>
      </w>
      <w n="10-2">
        <text>δ᾿</text>
        <refs nrefs="5-39"/>
      </w>
      <w n="10-3">
        <text>ἀσίας</text>
        <refs nrefs="5-40"/>
      </w>
      <w n="10-4">
        <text>ἀπὸ</text>
        <refs nrefs="5-41"/>
      </w>
      <w n="10-5">
        <text>κανώβου</text>
        <refs nrefs="5-42"/>
      </w>
      <w n="10-6">
        <text>ἕως</text>
        <refs nrefs="5-43"/>
      </w>
      <w n="10-7">
        <text>τανάιδος</text>
        <refs nrefs="5-44"/>
      </w>
      <w n="10-8">
        <text>ποταμοῦ</text>
        <refs nrefs="5-45"/>
      </w>
      <w n="10-9">
        <text>μετὰ</text>
        <refs nrefs="5-46"/>
      </w>
      <w n="10-10">
        <text>τῶν</text>
        <refs nrefs="5-47"/>
      </w>
      <w n="10-11">
        <text>κόλπων</text>
        <refs nrefs="5-48"/>
      </w>
      <w n="10-12">
        <text>ὁ</text>
        <refs nrefs="5-49"/>
      </w>
      <w n="10-13">
        <text>παρὰ</text>
        <refs nrefs="5-50"/>
      </w>
      <w n="10-14">
        <text>πλους</text>
        <refs nrefs="5-50"/>
      </w>
      <w n="10-15">
        <text>,</text>
      </w>
      <w n="10-16">
        <text>σταδίων</text>
      </w>
      <w n="10-17">
        <text>μυριάδων</text>
      </w>
      <w n="10-18">
        <text>δ</text>
        <refs nrefs="5-52"/>
      </w>
      <w n="10-19">
        <text>καὶ</text>
      </w>
      <w n="10-20">
        <text>ρια</text>
        <refs nrefs="5-53"/>
      </w>
      <w n="10-21">
        <text>(</text>
      </w>
      <w n="10-22">
        <text>40</text>
      </w>
      <w n="10-23">
        <text>111</text>
      </w>
      <w n="10-24">
        <text>)</text>
      </w>
      <w n="10-25">
        <text>·</text>
      </w>
      <w n="10-26">
        <text>ὁμοῦ</text>
        <refs nrefs="6-1"/>
      </w>
      <w n="10-27">
        <text>παράλιος</text>
        <refs nrefs="6-2"/>
      </w>
      <w n="10-28">
        <text>σὺν</text>
        <refs nrefs="6-3"/>
      </w>
      <w n="10-29">
        <text>κόλποις</text>
        <refs nrefs="6-4"/>
      </w>
      <w n="10-30">
        <text>τῆς</text>
        <refs nrefs="6-5"/>
      </w>
      <w n="10-31">
        <text>καθ᾿</text>
        <refs nrefs="6-6"/>
      </w>
      <w n="10-32">
        <text>ἡμᾶς</text>
        <refs nrefs="6-7"/>
      </w>
      <w n="10-33">
        <text>οἰκουμένης</text>
        <refs nrefs="6-8"/>
      </w>
      <w n="10-34">
        <text>,</text>
      </w>
      <w n="10-35">
        <text>σταδίων</text>
      </w>
      <w n="10-36">
        <text>μυριάδων</text>
      </w>
      <w n="10-37">
        <text>ιγ</text>
        <refs nrefs="6-10"/>
      </w>
      <w n="10-38">
        <text>καὶ</text>
      </w>
      <w n="10-39">
        <text>ˏθοβ</text>
        <refs nrefs="6-11"/>
      </w>
      <w n="10-40">
        <text>(</text>
      </w>
      <w n="10-41">
        <text>139</text>
      </w>
      <w n="10-42">
        <text>072</text>
      </w>
      <w n="10-43">
        <text>)</text>
      </w>
      <w n="10-44">
        <text>συμμετρουμένης</text>
      </w>
      <w n="10-45">
        <text>τῆς</text>
      </w>
      <w n="10-46">
        <text>μαιώτιδος</text>
      </w>
      <w n="10-47">
        <text>λίμνης</text>
      </w>
      <w n="10-48">
        <text>,</text>
      </w>
      <w n="10-49">
        <text>ἧς</text>
      </w>
      <w n="10-50">
        <text>περίμετρος</text>
      </w>
      <w n="10-51">
        <text>σταδίων</text>
      </w>
      <w n="10-52">
        <text>ˏθ</text>
      </w>
      <w n="10-53">
        <text>(</text>
      </w>
      <w n="10-54">
        <text>9</text>
      </w>
      <w n="10-55">
        <text>000</text>
      </w>
      <w n="10-56">
        <text>)</text>
      </w>
      <w n="10-57">
        <text>.</text>
      </w>
    </wds>
  </sentence>
</aligned-text>