<aligned-text xmlns="http://alpheios.net/namespaces/aligned-text">
  <language lnum="L1" xml:lang="grc" dir="ltr"/>
  <language lnum="L2" xml:lang="lat" dir="ltr"/>
  <sentence id="1" document_id="">
    <wds lnum="L1">
      <comment xmlns:ns_1="http://www.w3.org/1999/xlink" class="uri"/>
      <w n="1-1">
        <text>2</text>
      </w>
      <w n="1-2">
        <text>.</text>
      </w>
      <w n="2-1">
        <text>Οἱ</text>
        <refs nrefs="2-1"/>
      </w>
      <w n="2-2">
        <text>μὲν</text>
      </w>
      <w n="2-3">
        <text>οὖν</text>
        <refs nrefs="2-2"/>
      </w>
      <w n="2-4">
        <text>πάλαιοὶ</text>
        <refs nrefs="2-1"/>
      </w>
      <w n="2-5">
        <text>τὴν</text>
        <refs nrefs="2-3 2-4"/>
      </w>
      <w n="2-6">
        <text>οἰκουμένην</text>
        <refs nrefs="2-3 2-4"/>
      </w>
      <w n="2-7">
        <text>ἔγραφον</text>
        <refs nrefs="2-6"/>
      </w>
      <w n="2-8">
        <text>στρογγύλην</text>
        <refs nrefs="2-5"/>
      </w>
      <w n="2-9">
        <text>,</text>
      </w>
      <w n="2-10">
        <text>μέσην</text>
        <refs nrefs="3-3"/>
      </w>
      <w n="2-11">
        <text>δὲ</text>
      </w>
      <w n="2-12">
        <text>ἡγεῖσθαι</text>
      </w>
      <w n="2-13">
        <text>τὴν</text>
        <refs nrefs="3-4"/>
      </w>
      <w n="2-14">
        <text>Ἑλλάδα</text>
        <refs nrefs="3-4"/>
      </w>
      <w n="2-15">
        <text>,</text>
      </w>
      <w n="2-16">
        <text>καὶ</text>
        <refs nrefs="3-9"/>
      </w>
      <w n="2-17">
        <text>ταύτης</text>
        <refs nrefs="3-10 3-11"/>
      </w>
      <w n="2-18">
        <text>Δέλφους</text>
        <refs nrefs="3-13"/>
      </w>
      <w n="2-19">
        <text>·</text>
      </w>
      <w n="2-20">
        <text>τὸν</text>
        <refs nrefs="3-17"/>
      </w>
      <w n="2-21">
        <text>ὄμφαλον</text>
        <refs nrefs="3-17"/>
      </w>
      <w n="2-22">
        <text>γὰρ</text>
      </w>
      <w n="2-23">
        <text>ἔχειν</text>
      </w>
      <w n="2-24">
        <text>τῆς</text>
        <refs nrefs="3-15 3-16"/>
      </w>
      <w n="2-25">
        <text>γῆς</text>
        <refs nrefs="3-15 3-16"/>
      </w>
      <w n="2-26">
        <text>.</text>
      </w>
      <w n="3-1">
        <text>Πρῶτος</text>
        <refs nrefs="4-1"/>
      </w>
      <w n="3-2">
        <text>δὲ</text>
        <refs nrefs="4-2"/>
      </w>
      <w n="3-3">
        <text>Δημόκριτος</text>
        <refs nrefs="4-3"/>
      </w>
      <w n="3-4">
        <text>πολύπειρος</text>
        <refs nrefs="4-5 4-6"/>
      </w>
      <w n="3-5">
        <text>ἀνὴρ</text>
        <refs nrefs="4-4"/>
      </w>
      <w n="3-6">
        <text>συνεῖδεν</text>
        <refs nrefs="4-11"/>
      </w>
      <w n="3-7">
        <text>ὅτι</text>
      </w>
      <w n="3-8">
        <text>προμήκης</text>
        <refs nrefs="4-8 4-9"/>
      </w>
      <w n="3-9">
        <text>ἐστὶν</text>
      </w>
      <w n="3-10">
        <text>ἡ</text>
        <refs nrefs="4-7"/>
      </w>
      <w n="3-11">
        <text>γῆ</text>
        <refs nrefs="4-7"/>
      </w>
      <w n="3-12">
        <text>,</text>
      </w>
      <w n="3-13">
        <text>ἡμιόλιον</text>
        <refs nrefs="5-5"/>
      </w>
      <w n="3-14">
        <text>τὸ</text>
        <refs nrefs="5-3"/>
      </w>
      <w n="3-15">
        <text>μῆκος</text>
        <refs nrefs="5-3"/>
      </w>
      <w n="3-16">
        <text>τοῦ</text>
        <refs nrefs="5-4"/>
      </w>
      <w n="3-17">
        <text>πλάτους</text>
        <refs nrefs="5-4"/>
      </w>
      <w n="3-18">
        <text>ἔχουσα</text>
        <refs nrefs="5-6"/>
      </w>
      <w n="3-19">
        <text>·</text>
      </w>
      <w n="3-20">
        <text>συνῄνεσε</text>
        <refs nrefs="6-6"/>
      </w>
      <w n="3-21">
        <text>τούτῳ</text>
        <refs nrefs="6-1"/>
      </w>
      <w n="3-22">
        <text>καὶ</text>
        <refs nrefs="6-3"/>
      </w>
      <w n="3-23">
        <text>Δικαίαρχος</text>
        <refs nrefs="6-2"/>
      </w>
      <w n="3-24">
        <text>ὁ</text>
        <refs nrefs="6-4"/>
      </w>
      <w n="3-25">
        <text>Περιπατητικός</text>
        <refs nrefs="6-4"/>
      </w>
      <w n="3-26">
        <text>·</text>
      </w>
      <w n="3-27">
        <text>Εὔδοξος</text>
        <refs nrefs="7-1"/>
      </w>
      <w n="3-28">
        <text>δὲ</text>
        <refs nrefs="7-2"/>
      </w>
      <w n="3-29">
        <text>τὸ</text>
        <refs nrefs="7-3"/>
      </w>
      <w n="3-30">
        <text>μῆκος</text>
        <refs nrefs="7-3"/>
      </w>
      <w n="3-31">
        <text>διπλοῦν</text>
        <refs nrefs="7-5 7-6"/>
      </w>
      <w n="3-32">
        <text>τοῦ</text>
        <refs nrefs="7-4"/>
      </w>
      <w n="3-33">
        <text>πλάτους</text>
        <refs nrefs="7-4"/>
      </w>
      <w n="3-34">
        <text>·</text>
      </w>
      <w n="3-35">
        <text>ὁ</text>
        <refs nrefs="8-1"/>
      </w>
      <w n="3-36">
        <text>δὲ</text>
      </w>
      <w n="3-37">
        <text>Ἐρατοσθένης</text>
        <refs nrefs="8-1"/>
      </w>
      <w n="3-38">
        <text>πλέον</text>
        <refs nrefs="8-2"/>
      </w>
      <w n="3-39">
        <text>τοῦ</text>
        <refs nrefs="8-3 8-4"/>
      </w>
      <w n="3-40">
        <text>διπλοῦ</text>
        <refs nrefs="8-3 8-4"/>
      </w>
      <w n="3-41">
        <text>·</text>
      </w>
      <w n="3-42">
        <text>Κράτης</text>
        <refs nrefs="9-1"/>
      </w>
      <w n="3-43">
        <text>δὲ</text>
      </w>
      <w n="3-44">
        <text>ὡς</text>
      </w>
      <w n="3-45">
        <text>ἡμικύκλου</text>
        <refs nrefs="9-3"/>
      </w>
      <w n="3-46">
        <text>·</text>
      </w>
      <w n="3-47">
        <text>Ἵππαρχος</text>
        <refs nrefs="9-5"/>
      </w>
      <w n="3-48">
        <text>δὲ</text>
      </w>
      <w n="3-49">
        <text>τραπεζοειδῆ</text>
        <refs nrefs="9-6"/>
      </w>
      <w n="3-50">
        <text>·</text>
      </w>
      <w n="3-51">
        <text>ἄλλοι</text>
        <refs nrefs="9-8"/>
      </w>
      <w n="3-52">
        <text>οὐροειδῆ</text>
      </w>
      <w n="3-53">
        <text>·</text>
      </w>
      <w n="3-54">
        <text>Ποσειδώνιος</text>
        <refs nrefs="10-1"/>
      </w>
      <w n="3-55">
        <text>δ’</text>
        <refs nrefs="10-2"/>
      </w>
      <w n="3-56">
        <text>ὁ</text>
        <refs nrefs="10-3"/>
      </w>
      <w n="3-57">
        <text>Στωϊκὸς</text>
        <refs nrefs="10-3"/>
      </w>
      <w n="3-58">
        <text>σφενδονοειδῆ</text>
        <refs nrefs="10-4 10-5"/>
      </w>
      <w n="3-59">
        <text>,</text>
      </w>
      <w n="3-60">
        <text>καὶ</text>
        <refs nrefs="10-8 10-9 10-15"/>
      </w>
      <w n="3-61">
        <text>μεσόπλατον</text>
        <refs nrefs="10-8 10-9 10-15"/>
      </w>
      <w n="3-62">
        <text>,</text>
      </w>
      <w n="3-63">
        <text>ἀπὸ</text>
        <refs nrefs="10-11"/>
      </w>
      <w n="3-64">
        <text>νότου</text>
        <refs nrefs="10-12"/>
      </w>
      <w n="3-65">
        <text>εἰς</text>
        <refs nrefs="10-13"/>
      </w>
      <w n="3-66">
        <text>Βορρᾶν</text>
        <refs nrefs="10-14"/>
      </w>
      <w n="3-67">
        <text>,</text>
      </w>
      <w n="3-68">
        <text>στενὴν</text>
        <refs nrefs="10-21"/>
      </w>
      <w n="3-69">
        <text>πρὸς</text>
        <refs nrefs="10-20"/>
      </w>
      <w n="3-70">
        <text>ἕω</text>
        <refs nrefs="10-18"/>
      </w>
      <w n="3-71">
        <text>καὶ</text>
        <refs nrefs="10-19"/>
      </w>
      <w n="3-72">
        <text>δύσιν</text>
        <refs nrefs="10-19"/>
      </w>
      <w n="3-73">
        <text>·</text>
      </w>
      <w n="3-74">
        <text>τὰ</text>
        <refs nrefs="11-1 11-3"/>
      </w>
      <w n="3-75">
        <text>πρὸς</text>
      </w>
      <w n="3-76">
        <text>Εὖρον</text>
        <refs nrefs="11-5"/>
      </w>
      <w n="3-77">
        <text>δὲ</text>
        <refs nrefs="11-2"/>
      </w>
      <w n="3-78">
        <text>ὁμοίως</text>
        <refs nrefs="11-2"/>
      </w>
      <w n="3-79">
        <text>πλατύτερα</text>
        <refs nrefs="11-12"/>
      </w>
      <w n="3-80">
        <text>πρὸς</text>
      </w>
      <w n="3-81">
        <text>τὴν</text>
        <refs nrefs="11-9"/>
      </w>
      <w n="3-82">
        <text>Ἰνδικήν</text>
        <refs nrefs="11-9"/>
      </w>
      <w n="3-83">
        <text>.</text>
      </w>
    </wds>
    <wds lnum="L2">
      <comment xmlns:ns_1="http://www.w3.org/1999/xlink" class="uri"/>
      <w n="1-1">
        <text>2</text>
      </w>
      <w n="1-2">
        <text>.</text>
      </w>
      <w n="2-1">
        <text>Veteres</text>
        <refs nrefs="2-1 2-4"/>
      </w>
      <w n="2-2">
        <text>itaque</text>
        <refs nrefs="2-3"/>
      </w>
      <w n="2-3">
        <text>terram</text>
        <refs nrefs="2-5 2-6"/>
      </w>
      <w n="2-4">
        <text>habitabilem</text>
        <refs nrefs="2-5 2-6"/>
      </w>
      <w n="2-5">
        <text>rotundam</text>
        <refs nrefs="2-8"/>
      </w>
      <w n="2-6">
        <text>depingebant</text>
        <refs nrefs="2-7"/>
      </w>
      <w n="2-7">
        <text>.</text>
      </w>
      <w n="3-1">
        <text>in</text>
      </w>
      <w n="3-2">
        <text>cujus</text>
      </w>
      <w n="3-3">
        <text>meditullio</text>
        <refs nrefs="2-10"/>
      </w>
      <w n="3-4">
        <text>Graecia</text>
        <refs nrefs="2-13 2-14"/>
      </w>
      <w n="3-5">
        <text>tanquam</text>
      </w>
      <w n="3-6">
        <text>regina</text>
      </w>
      <w n="3-7">
        <text>sedeat</text>
      </w>
      <w n="3-8">
        <text>,</text>
      </w>
      <w n="3-9">
        <text>et</text>
        <refs nrefs="2-16"/>
      </w>
      <w n="3-10">
        <text>in</text>
        <refs nrefs="2-17"/>
      </w>
      <w n="3-11">
        <text>hac</text>
        <refs nrefs="2-17"/>
      </w>
      <w n="3-12">
        <text>vicissim</text>
      </w>
      <w n="3-13">
        <text>Delphi</text>
        <refs nrefs="2-18"/>
      </w>
      <w n="3-14">
        <text>tanquam</text>
      </w>
      <w n="3-15">
        <text>orbis</text>
        <refs nrefs="2-24 2-25"/>
      </w>
      <w n="3-16">
        <text>terrarum</text>
        <refs nrefs="2-24 2-25"/>
      </w>
      <w n="3-17">
        <text>umbilicus</text>
        <refs nrefs="2-20 2-21"/>
      </w>
      <w n="3-18">
        <text>.</text>
      </w>
      <w n="4-1">
        <text>Primus</text>
        <refs nrefs="3-1"/>
      </w>
      <w n="4-2">
        <text>autem</text>
        <refs nrefs="3-2"/>
      </w>
      <w n="4-3">
        <text>Democritus</text>
        <refs nrefs="3-3"/>
      </w>
      <w n="4-4">
        <text>vir</text>
        <refs nrefs="3-5"/>
      </w>
      <w n="4-5">
        <text>plurimae</text>
        <refs nrefs="3-4"/>
      </w>
      <w n="4-6">
        <text>experientiae</text>
        <refs nrefs="3-4"/>
      </w>
      <w n="4-7">
        <text>terram</text>
        <refs nrefs="3-10 3-11"/>
      </w>
      <w n="4-8">
        <text>in</text>
        <refs nrefs="3-8"/>
      </w>
      <w n="4-9">
        <text>longum</text>
        <refs nrefs="3-8"/>
      </w>
      <w n="4-10">
        <text>protendi</text>
      </w>
      <w n="4-11">
        <text>deprehendit</text>
        <refs nrefs="3-6"/>
      </w>
      <w n="4-12">
        <text>:</text>
      </w>
      <w n="5-1">
        <text>quippe</text>
      </w>
      <w n="5-2">
        <text>cujus</text>
      </w>
      <w n="5-3">
        <text>longitudo</text>
        <refs nrefs="3-14 3-15"/>
      </w>
      <w n="5-4">
        <text>latitudinem</text>
        <refs nrefs="3-16 3-17"/>
      </w>
      <w n="5-5">
        <text>sescuplo</text>
        <refs nrefs="3-13"/>
      </w>
      <w n="5-6">
        <text>superet</text>
        <refs nrefs="3-18"/>
      </w>
      <w n="5-7">
        <text>.</text>
      </w>
      <w n="6-1">
        <text>huic</text>
        <refs nrefs="3-21"/>
      </w>
      <w n="6-2">
        <text>Dicaearchus</text>
        <refs nrefs="3-23"/>
      </w>
      <w n="6-3">
        <text>quoque</text>
        <refs nrefs="3-22"/>
      </w>
      <w n="6-4">
        <text>Peripateticus</text>
        <refs nrefs="3-24 3-25"/>
      </w>
      <w n="6-5">
        <text>161r</text>
      </w>
      <w n="6-6">
        <text>adstipulatur</text>
        <refs nrefs="3-20"/>
      </w>
      <w n="6-7">
        <text>.</text>
      </w>
      <w n="7-1">
        <text>Eudoxus</text>
        <refs nrefs="3-27"/>
      </w>
      <w n="7-2">
        <text>vero</text>
        <refs nrefs="3-28"/>
      </w>
      <w n="7-3">
        <text>longitudinem</text>
        <refs nrefs="3-29 3-30"/>
      </w>
      <w n="7-4">
        <text>latitudine</text>
        <refs nrefs="3-32 3-33"/>
      </w>
      <w n="7-5">
        <text>duplo</text>
        <refs nrefs="3-31"/>
      </w>
      <w n="7-6">
        <text>majorem</text>
        <refs nrefs="3-31"/>
      </w>
      <w n="7-7">
        <text>.</text>
      </w>
      <w n="8-1">
        <text>Eratosthenes</text>
        <refs nrefs="3-35 3-37"/>
      </w>
      <w n="8-2">
        <text>plusquam</text>
        <refs nrefs="3-38"/>
      </w>
      <w n="8-3">
        <text>duplo</text>
        <refs nrefs="3-39 3-40"/>
      </w>
      <w n="8-4">
        <text>majorem</text>
        <refs nrefs="3-39 3-40"/>
      </w>
      <w n="8-5">
        <text>existimat</text>
      </w>
      <w n="8-6">
        <text>.</text>
      </w>
      <w n="9-1">
        <text>Crates</text>
        <refs nrefs="3-42"/>
      </w>
      <w n="9-2">
        <text>terram</text>
      </w>
      <w n="9-3">
        <text>semicirculi</text>
        <refs nrefs="3-45"/>
      </w>
      <w n="9-4">
        <text>,</text>
      </w>
      <w n="9-5">
        <text>Hipparchus</text>
        <refs nrefs="3-47"/>
      </w>
      <w n="9-6">
        <text>mensae</text>
        <refs nrefs="3-49"/>
      </w>
      <w n="9-7">
        <text>,</text>
      </w>
      <w n="9-8">
        <text>alij</text>
        <refs nrefs="3-51"/>
      </w>
      <w n="9-9">
        <text>clavj</text>
      </w>
      <w n="9-10">
        <text>navalis</text>
      </w>
      <w n="9-11">
        <text>ﬁguram</text>
      </w>
      <w n="9-12">
        <text>obtinere</text>
      </w>
      <w n="9-13">
        <text>volunt</text>
      </w>
      <w n="9-14">
        <text>.</text>
      </w>
      <w n="10-1">
        <text>Posidonius</text>
        <refs nrefs="3-54"/>
      </w>
      <w n="10-2">
        <text>autem</text>
        <refs nrefs="3-55"/>
      </w>
      <w n="10-3">
        <text>Stoicus</text>
        <refs nrefs="3-56 3-57"/>
      </w>
      <w n="10-4">
        <text>fundae</text>
        <refs nrefs="3-58"/>
      </w>
      <w n="10-5">
        <text>similem</text>
        <refs nrefs="3-58"/>
      </w>
      <w n="10-6">
        <text>prodidit</text>
      </w>
      <w n="10-7">
        <text>,</text>
      </w>
      <w n="10-8">
        <text>medijsque</text>
        <refs nrefs="3-60 3-61"/>
      </w>
      <w n="10-9">
        <text>lateribus</text>
        <refs nrefs="3-60 3-61"/>
      </w>
      <w n="10-10">
        <text>utrinque</text>
      </w>
      <w n="10-11">
        <text>ab</text>
        <refs nrefs="3-63"/>
      </w>
      <w n="10-12">
        <text>Austro</text>
        <refs nrefs="3-64"/>
      </w>
      <w n="10-13">
        <text>ad</text>
        <refs nrefs="3-65"/>
      </w>
      <w n="10-14">
        <text>Aquilonem</text>
        <refs nrefs="3-66"/>
      </w>
      <w n="10-15">
        <text>latiorem</text>
        <refs nrefs="3-60 3-61"/>
      </w>
      <w n="10-16">
        <text>,</text>
      </w>
      <w n="10-17">
        <text>verticibus</text>
      </w>
      <w n="10-18">
        <text>ortum</text>
        <refs nrefs="3-70"/>
      </w>
      <w n="10-19">
        <text>occasumque</text>
        <refs nrefs="3-71 3-72"/>
      </w>
      <w n="10-20">
        <text>versus</text>
        <refs nrefs="3-69"/>
      </w>
      <w n="10-21">
        <text>angustam</text>
        <refs nrefs="3-68"/>
      </w>
      <w n="10-22">
        <text>.</text>
      </w>
      <w n="11-1">
        <text>partem</text>
        <refs nrefs="3-74"/>
      </w>
      <w n="11-2">
        <text>autem</text>
        <refs nrefs="3-77 3-78"/>
      </w>
      <w n="11-3">
        <text>eam</text>
        <refs nrefs="3-74"/>
      </w>
      <w n="11-4">
        <text>quae</text>
      </w>
      <w n="11-5">
        <text>orientem</text>
        <refs nrefs="3-76"/>
      </w>
      <w n="11-6">
        <text>spectat</text>
      </w>
      <w n="11-7">
        <text>,</text>
      </w>
      <w n="11-8">
        <text>ubi</text>
      </w>
      <w n="11-9">
        <text>India</text>
        <refs nrefs="3-81 3-82"/>
      </w>
      <w n="11-10">
        <text>est</text>
      </w>
      <w n="11-11">
        <text>,</text>
      </w>
      <w n="11-12">
        <text>latiorem</text>
        <refs nrefs="3-79"/>
      </w>
      <w n="11-13">
        <text>esse</text>
      </w>
      <w n="11-14">
        <text>.</text>
      </w>
    </wds>
  </sentence>
</aligned-text>