<aligned-text xmlns="http://alpheios.net/namespaces/aligned-text">
  <language lnum="L1" xml:lang="grc" dir="ltr"/>
  <language lnum="L2" xml:lang="lat" dir="ltr"/>
  <sentence id="1" document_id="">
    <wds lnum="L1">
      <comment xmlns:ns_1="http://www.w3.org/1999/xlink" class="uri"/>
      <w n="1-1">
        <text>Τιμοσθένης</text>
        <refs nrefs="1-1"/>
      </w>
      <w n="1-2">
        <text>δὲ</text>
        <refs nrefs="1-2"/>
      </w>
      <w n="1-3">
        <text>ὁ</text>
        <refs nrefs="1-3"/>
      </w>
      <w n="1-4">
        <text>γράψας</text>
        <refs nrefs="1-7"/>
      </w>
      <w n="1-5">
        <text>τοὺς</text>
        <refs nrefs="1-4 1-5 1-6"/>
      </w>
      <w n="1-6">
        <text>περίπλους</text>
        <refs nrefs="1-4 1-5 1-6"/>
      </w>
      <w n="1-7">
        <text>,</text>
      </w>
      <w n="1-8">
        <text>δώδεκά</text>
        <refs nrefs="1-9"/>
      </w>
      <w n="1-9">
        <text>φησί</text>
        <refs nrefs="1-11"/>
      </w>
      <w n="1-10">
        <text>προστιθεὶς</text>
        <refs nrefs="1-21"/>
      </w>
      <w n="1-11">
        <text>μέσον</text>
        <refs nrefs="1-13"/>
      </w>
      <w n="1-12">
        <text>ἀπαρκτίου</text>
        <refs nrefs="1-14"/>
      </w>
      <w n="1-13">
        <text>καὶ</text>
        <refs nrefs="1-15"/>
      </w>
      <w n="1-14">
        <text>Καικίου</text>
        <refs nrefs="1-16"/>
      </w>
      <w n="1-15">
        <text>Βορέαν</text>
        <refs nrefs="1-17 1-19"/>
      </w>
      <w n="1-16">
        <text>·</text>
      </w>
      <w n="1-17">
        <text>Εὔρου</text>
        <refs nrefs="2-2"/>
      </w>
      <w n="1-18">
        <text>δὲ</text>
      </w>
      <w n="1-19">
        <text>καὶ</text>
        <refs nrefs="2-3"/>
      </w>
      <w n="1-20">
        <text>Νότου</text>
        <refs nrefs="2-4"/>
      </w>
      <w n="1-21">
        <text>φοίνικα</text>
        <refs nrefs="2-5"/>
      </w>
      <w n="1-22">
        <text>,</text>
      </w>
      <w n="1-23">
        <text>τὸν</text>
        <refs nrefs="2-7"/>
      </w>
      <w n="1-24">
        <text>καὶ</text>
        <refs nrefs="2-8"/>
      </w>
      <w n="1-25">
        <text>Εὐρόνοτον</text>
        <refs nrefs="2-9"/>
      </w>
      <w n="1-26">
        <text>·</text>
      </w>
      <w n="1-27">
        <text>μέσον</text>
        <refs nrefs="3-1"/>
      </w>
      <w n="1-28">
        <text>δὲ</text>
        <refs nrefs="3-3"/>
      </w>
      <w n="1-29">
        <text>Νότου</text>
        <refs nrefs="3-2 3-8"/>
      </w>
      <w n="1-30">
        <text>καὶ</text>
        <refs nrefs="3-4"/>
      </w>
      <w n="1-31">
        <text>Λιβὸς</text>
        <refs nrefs="3-5 3-10"/>
      </w>
      <w n="1-32">
        <text>τὸν</text>
        <refs nrefs="3-11"/>
      </w>
      <w n="1-33">
        <text>Λευκόνοτον</text>
        <refs nrefs="3-11"/>
      </w>
      <w n="1-34">
        <text>,</text>
      </w>
      <w n="1-35">
        <text>ἤτοι</text>
        <refs nrefs="3-12"/>
      </w>
      <w n="1-36">
        <text>Λιβόνοτον</text>
        <refs nrefs="3-13"/>
      </w>
      <w n="1-37">
        <text>·</text>
      </w>
      <w n="1-38">
        <text>μέσον</text>
        <refs nrefs="4-1"/>
      </w>
      <w n="1-39">
        <text>δὲ</text>
        <refs nrefs="4-3"/>
      </w>
      <w n="1-40">
        <text>Ἀπαρκτίου</text>
        <refs nrefs="4-2"/>
      </w>
      <w n="1-41">
        <text>καὶ</text>
        <refs nrefs="4-5"/>
      </w>
      <w n="1-42">
        <text>Ἀργέστου</text>
        <refs nrefs="4-6"/>
      </w>
      <w n="1-43">
        <text>Θρασκίαν</text>
        <refs nrefs="4-7"/>
      </w>
      <w n="1-44">
        <text>,</text>
      </w>
      <w n="1-45">
        <text>ἤτοι</text>
        <refs nrefs="4-8 4-9"/>
      </w>
      <w n="1-46">
        <text>Κίρκιον</text>
        <refs nrefs="4-10"/>
      </w>
      <w n="1-47">
        <text>ὑπὸ</text>
        <refs nrefs="4-11"/>
      </w>
      <w n="1-48">
        <text>τῶν</text>
        <refs nrefs="4-12 4-13 4-14 4-15 4-16 4-17"/>
      </w>
      <w n="1-49">
        <text>περιοίκων</text>
        <refs nrefs="4-12 4-13 4-14 4-15 4-16 4-17"/>
      </w>
      <w n="1-50">
        <text>ὀνομαζόμενον</text>
        <refs nrefs="4-19"/>
      </w>
      <w n="1-51">
        <text>.</text>
      </w>
      <w n="2-1">
        <text>Ἔθνη</text>
        <refs nrefs="5-1"/>
      </w>
      <w n="2-2">
        <text>δὲ</text>
        <refs nrefs="5-2"/>
      </w>
      <w n="2-3">
        <text>οἰκεῖν</text>
        <refs nrefs="5-7"/>
      </w>
      <w n="2-4">
        <text>τὰ</text>
        <refs nrefs="5-4 5-6"/>
      </w>
      <w n="2-5">
        <text>πέρατα</text>
        <refs nrefs="5-4 5-6"/>
      </w>
      <w n="2-6">
        <text>,</text>
      </w>
      <w n="2-7">
        <text>κατ’</text>
        <refs nrefs="6-1"/>
      </w>
      <w n="2-8">
        <text>Ἀπηλιώτην</text>
        <refs nrefs="6-2"/>
      </w>
      <w n="2-9">
        <text>Βακτριανοὺς</text>
        <refs nrefs="6-3"/>
      </w>
      <w n="2-10">
        <text>·</text>
      </w>
      <w n="2-11">
        <text>κατ’</text>
        <refs nrefs="7-1"/>
      </w>
      <w n="2-12">
        <text>Εὖρον</text>
        <refs nrefs="7-2"/>
      </w>
      <w n="2-13">
        <text>Ἰνδους</text>
        <refs nrefs="7-3"/>
      </w>
      <w n="2-14">
        <text>·</text>
      </w>
      <w n="2-15">
        <text>κατὰ</text>
        <refs nrefs="8-1"/>
      </w>
      <w n="2-16">
        <text>Φοίνικα</text>
        <refs nrefs="8-2"/>
      </w>
      <w n="2-17">
        <text>ἐρυθρὰν</text>
        <refs nrefs="8-4"/>
      </w>
      <w n="2-18">
        <text>θάλασσαν</text>
        <refs nrefs="8-3"/>
      </w>
      <w n="2-19">
        <text>καὶ</text>
        <refs nrefs="8-6"/>
      </w>
      <w n="2-20">
        <text>Ἀραβίαν</text>
        <comment class="mark">Αἰθιοπίαν H1</comment>
      </w>
      <w n="2-21">
        <text>·</text>
      </w>
      <w n="2-22">
        <text>κατὰ</text>
        <refs nrefs="9-1"/>
      </w>
      <w n="2-23">
        <text>Νότον</text>
        <refs nrefs="9-2"/>
      </w>
      <w n="2-24">
        <text>τὴν</text>
        <refs nrefs="9-3"/>
      </w>
      <w n="2-25">
        <text>ὑπὲρ</text>
        <refs nrefs="9-5"/>
      </w>
      <w n="2-26">
        <text>Αἴγυπτον</text>
        <refs nrefs="9-6"/>
      </w>
      <w n="2-27">
        <text>Αἰθιοπίαν</text>
        <refs nrefs="9-3"/>
      </w>
      <w n="2-28">
        <text>·</text>
      </w>
      <w n="2-29">
        <text>κατὰ</text>
        <refs nrefs="10-1"/>
      </w>
      <w n="2-30">
        <text>Λευκόνοτον</text>
        <refs nrefs="10-2"/>
      </w>
      <w n="2-31">
        <text>τοὺς</text>
        <refs nrefs="10-3"/>
      </w>
      <w n="2-32">
        <text>ὑπὲρ</text>
        <refs nrefs="10-5"/>
      </w>
      <w n="2-33">
        <text>Σύρτεις</text>
        <refs nrefs="10-6"/>
      </w>
      <w n="2-34">
        <text>Γαράμαντας</text>
        <refs nrefs="10-3"/>
      </w>
      <w n="2-35">
        <text>·</text>
      </w>
      <w n="2-36">
        <text>κατὰ</text>
        <refs nrefs="11-1"/>
      </w>
      <w n="2-37">
        <text>Λίβα</text>
        <refs nrefs="11-2"/>
      </w>
      <w n="2-38">
        <text>Αἰθίοπας</text>
        <refs nrefs="11-3"/>
      </w>
      <w n="2-39">
        <text>καὶ</text>
      </w>
      <w n="2-40">
        <text>δυσμικοὺς</text>
        <refs nrefs="11-4"/>
      </w>
      <w n="2-41">
        <text>ὑπὲρ</text>
        <refs nrefs="11-6"/>
      </w>
      <w n="2-42">
        <text>Μαύρους</text>
        <refs nrefs="11-7"/>
      </w>
      <w n="2-43">
        <text>·</text>
      </w>
      <w n="2-44">
        <text>κατὰ</text>
        <refs nrefs="12-1"/>
      </w>
      <w n="2-45">
        <text>Ζέφυρον</text>
        <refs nrefs="12-2"/>
      </w>
      <w n="2-46">
        <text>στήλας</text>
        <refs nrefs="12-4 12-5"/>
      </w>
      <w n="2-47">
        <text>καὶ</text>
      </w>
      <w n="2-48">
        <text>ἀρχὰς</text>
        <refs nrefs="12-7"/>
      </w>
      <w n="2-49">
        <text>Λιβύης</text>
        <refs nrefs="12-8"/>
      </w>
      <w n="2-50">
        <text>καὶ</text>
        <refs nrefs="12-9"/>
      </w>
      <w n="2-51">
        <text>Εὐρώπης</text>
        <refs nrefs="12-10"/>
      </w>
      <w n="2-52">
        <text>·</text>
      </w>
      <w n="2-53">
        <text>κατ’</text>
        <refs nrefs="13-1"/>
      </w>
      <w n="2-54">
        <text>Ἀργέστην</text>
        <refs nrefs="13-2"/>
      </w>
      <w n="2-55">
        <text>Ἰβηρίαν</text>
        <refs nrefs="13-4"/>
      </w>
      <w n="2-56">
        <text>,</text>
      </w>
      <w n="2-57">
        <text>τὴν</text>
      </w>
      <w n="2-58">
        <text>νῦν</text>
        <refs nrefs="13-7"/>
      </w>
      <w n="2-59">
        <text>Ἱσπανίαν</text>
        <refs nrefs="13-8"/>
      </w>
      <w n="2-60">
        <text>·</text>
      </w>
      <w n="2-61">
        <text>κατὰ</text>
        <refs nrefs="14-1"/>
      </w>
      <w n="2-62">
        <text>δὲ</text>
      </w>
      <w n="2-63">
        <text>Θρασκίαν</text>
        <refs nrefs="14-2 14-4"/>
      </w>
      <w n="2-64">
        <text>Κελτοὺς</text>
        <refs nrefs="14-6"/>
      </w>
      <w n="2-65">
        <text>καὶ</text>
        <refs nrefs="14-7 14-8"/>
      </w>
      <w n="2-66">
        <text>τὰ</text>
        <refs nrefs="14-7 14-8"/>
      </w>
      <w n="2-67">
        <text>ὅμορα</text>
        <refs nrefs="14-7 14-8"/>
      </w>
      <w n="2-68">
        <text>·</text>
      </w>
      <w n="2-69">
        <text>κατὰ</text>
        <refs nrefs="15-1"/>
      </w>
      <w n="2-70">
        <text>Ἀπαρκτίαν</text>
        <refs nrefs="15-2"/>
      </w>
      <w n="2-71">
        <text>τοὺς</text>
        <refs nrefs="15-3"/>
      </w>
      <w n="2-72">
        <text>ὑπὲρ</text>
        <refs nrefs="15-5"/>
      </w>
      <w n="2-73">
        <text>Θρᾴκην</text>
      </w>
      <w n="2-74">
        <text>Σκύθας</text>
        <refs nrefs="15-3"/>
      </w>
      <w n="2-75">
        <text>·</text>
      </w>
      <w n="2-76">
        <text>κατὰ</text>
        <refs nrefs="16-1"/>
      </w>
      <w n="2-77">
        <text>δὲ</text>
        <refs nrefs="16-3"/>
      </w>
      <w n="2-78">
        <text>Βοῤῥᾶν</text>
        <refs nrefs="16-2 16-5"/>
      </w>
      <w n="2-79">
        <text>,</text>
      </w>
      <w n="2-80">
        <text>Πόντον</text>
        <refs nrefs="16-6"/>
      </w>
      <w n="2-81">
        <text>,</text>
      </w>
      <w n="2-82">
        <text>Μαιῶτιν</text>
        <refs nrefs="16-8"/>
      </w>
      <w n="2-83">
        <text>,</text>
      </w>
      <w n="2-84">
        <text>Σαρμάτας</text>
        <refs nrefs="16-12"/>
      </w>
      <w n="2-85">
        <text>·</text>
      </w>
      <w n="2-86">
        <text>κατὰ</text>
        <refs nrefs="17-2"/>
      </w>
      <w n="2-87">
        <text>Καικίαν</text>
        <refs nrefs="17-3"/>
      </w>
      <w n="2-88">
        <text>Κασπίαν</text>
        <refs nrefs="17-4"/>
      </w>
      <w n="2-89">
        <text>θάλασσαν</text>
        <refs nrefs="17-5"/>
      </w>
      <w n="2-90">
        <text>καὶ</text>
        <refs nrefs="17-6"/>
      </w>
      <w n="2-91">
        <text>Σάκας</text>
        <refs nrefs="17-7"/>
      </w>
      <w n="2-92">
        <text>.</text>
      </w>
    </wds>
    <wds lnum="L2">
      <comment xmlns:ns_1="http://www.w3.org/1999/xlink" class="uri"/>
      <w n="1-1">
        <text>Timosthenes</text>
        <refs nrefs="1-1"/>
      </w>
      <w n="1-2">
        <text>autem</text>
        <refs nrefs="1-2"/>
      </w>
      <w n="1-3">
        <text>qui</text>
        <refs nrefs="1-3"/>
      </w>
      <w n="1-4">
        <text>orae</text>
        <refs nrefs="1-5 1-6"/>
      </w>
      <w n="1-5">
        <text>maritimae</text>
        <refs nrefs="1-5 1-6"/>
      </w>
      <w n="1-6">
        <text>descriptionem</text>
        <refs nrefs="1-5 1-6"/>
      </w>
      <w n="1-7">
        <text>edidit</text>
        <refs nrefs="1-4"/>
      </w>
      <w n="1-8">
        <text>,</text>
      </w>
      <w n="1-9">
        <text>duodecim</text>
        <refs nrefs="1-8"/>
      </w>
      <w n="1-10">
        <text>esse</text>
      </w>
      <w n="1-11">
        <text>afﬁrmat</text>
        <refs nrefs="1-9"/>
      </w>
      <w n="1-12">
        <text>,</text>
      </w>
      <w n="1-13">
        <text>inter</text>
        <refs nrefs="1-11"/>
      </w>
      <w n="1-14">
        <text>Aparctiam</text>
        <refs nrefs="1-12"/>
      </w>
      <w n="1-15">
        <text>et</text>
        <refs nrefs="1-13"/>
      </w>
      <w n="1-16">
        <text>Caecium</text>
        <refs nrefs="1-14"/>
      </w>
      <w n="1-17">
        <text>Boream</text>
        <refs nrefs="1-15"/>
      </w>
      <w n="1-18">
        <text>sive</text>
      </w>
      <w n="1-19">
        <text>Aquilonem</text>
        <refs nrefs="1-15"/>
      </w>
      <w n="1-20">
        <text>medium</text>
      </w>
      <w n="1-21">
        <text>inserens</text>
        <refs nrefs="1-10"/>
      </w>
      <w n="1-22">
        <text>:</text>
      </w>
      <w n="2-1">
        <text>inter</text>
      </w>
      <w n="2-2">
        <text>Eurum</text>
        <refs nrefs="1-17"/>
      </w>
      <w n="2-3">
        <text>et</text>
        <refs nrefs="1-19"/>
      </w>
      <w n="2-4">
        <text>Austrum</text>
        <refs nrefs="1-20"/>
      </w>
      <w n="2-5">
        <text>Phoenicem</text>
        <refs nrefs="1-21"/>
      </w>
      <w n="2-6">
        <text>,</text>
      </w>
      <w n="2-7">
        <text>quem</text>
        <refs nrefs="1-23"/>
      </w>
      <w n="2-8">
        <text>et</text>
        <refs nrefs="1-24"/>
      </w>
      <w n="2-9">
        <text>Euronotum</text>
        <refs nrefs="1-25"/>
      </w>
      <w n="2-10">
        <text>appellant</text>
      </w>
      <w n="2-11">
        <text>.</text>
      </w>
      <w n="3-1">
        <text>inter</text>
        <refs nrefs="1-27"/>
      </w>
      <w n="3-2">
        <text>Notum</text>
        <refs nrefs="1-29"/>
      </w>
      <w n="3-3">
        <text>autem</text>
        <refs nrefs="1-28"/>
      </w>
      <w n="3-4">
        <text>et</text>
        <refs nrefs="1-30"/>
      </w>
      <w n="3-5">
        <text>Liba</text>
        <refs nrefs="1-31"/>
      </w>
      <w n="3-6">
        <text>sive</text>
      </w>
      <w n="3-7">
        <text>inter</text>
      </w>
      <w n="3-8">
        <text>Austrum</text>
        <refs nrefs="1-29"/>
      </w>
      <w n="3-9">
        <text>et</text>
      </w>
      <w n="3-10">
        <text>Africum</text>
        <refs nrefs="1-31"/>
      </w>
      <w n="3-11">
        <text>Leuconotum</text>
        <refs nrefs="1-32 1-33"/>
      </w>
      <w n="3-12">
        <text>sive</text>
        <refs nrefs="1-35"/>
      </w>
      <w n="3-13">
        <text>Libonotum</text>
        <refs nrefs="1-36"/>
      </w>
      <w n="3-14">
        <text>:</text>
      </w>
      <w n="4-1">
        <text>inter</text>
        <refs nrefs="1-38"/>
      </w>
      <w n="4-2">
        <text>Septentrionalem</text>
        <refs nrefs="1-40"/>
      </w>
      <w n="4-3">
        <text>vero</text>
        <refs nrefs="1-39"/>
      </w>
      <w n="4-4">
        <text>ventum</text>
      </w>
      <w n="4-5">
        <text>atque</text>
        <refs nrefs="1-41"/>
      </w>
      <w n="4-6">
        <text>Caurum</text>
        <refs nrefs="1-42"/>
      </w>
      <w n="4-7">
        <text>Thrasciam</text>
        <refs nrefs="1-43"/>
      </w>
      <w n="4-8">
        <text>qui</text>
        <refs nrefs="1-45"/>
      </w>
      <w n="4-9">
        <text>et</text>
        <refs nrefs="1-45"/>
      </w>
      <w n="4-10">
        <text>Circius</text>
        <refs nrefs="1-46"/>
      </w>
      <w n="4-11">
        <text>a</text>
        <refs nrefs="1-47"/>
      </w>
      <w n="4-12">
        <text>gentibus</text>
        <refs nrefs="1-48 1-49"/>
      </w>
      <w n="4-13">
        <text>quae</text>
        <refs nrefs="1-48 1-49"/>
      </w>
      <w n="4-14">
        <text>versus</text>
        <refs nrefs="1-48 1-49"/>
      </w>
      <w n="4-15">
        <text>eam</text>
        <refs nrefs="1-48 1-49"/>
      </w>
      <w n="4-16">
        <text>plagam</text>
        <refs nrefs="1-48 1-49"/>
      </w>
      <w n="4-17">
        <text>habitant</text>
        <refs nrefs="1-48 1-49"/>
      </w>
      <w n="4-18">
        <text>,</text>
      </w>
      <w n="4-19">
        <text>appellatur</text>
        <refs nrefs="1-50"/>
      </w>
      <w n="4-20">
        <text>.</text>
      </w>
      <w n="5-1">
        <text>Gentes</text>
        <refs nrefs="2-1"/>
      </w>
      <w n="5-2">
        <text>vero</text>
        <refs nrefs="2-2"/>
      </w>
      <w n="5-3">
        <text>hasce</text>
      </w>
      <w n="5-4">
        <text>extremas</text>
        <refs nrefs="2-4 2-5"/>
      </w>
      <w n="5-5">
        <text>terrarum</text>
      </w>
      <w n="5-6">
        <text>oras</text>
        <refs nrefs="2-4 2-5"/>
      </w>
      <w n="5-7">
        <text>incolere</text>
        <refs nrefs="2-3"/>
      </w>
      <w n="5-8">
        <text>;</text>
      </w>
      <w n="6-1">
        <text>ad</text>
        <refs nrefs="2-7"/>
      </w>
      <w n="6-2">
        <text>Subsolanum</text>
        <refs nrefs="2-8"/>
      </w>
      <w n="6-3">
        <text>Bactrianos</text>
        <refs nrefs="2-9"/>
      </w>
      <w n="6-4">
        <text>;</text>
      </w>
      <w n="7-1">
        <text>ad</text>
        <refs nrefs="2-11"/>
      </w>
      <w n="7-2">
        <text>Eurum</text>
        <refs nrefs="2-12"/>
      </w>
      <w n="7-3">
        <text>Indos</text>
        <refs nrefs="2-13"/>
      </w>
      <w n="7-4">
        <text>.</text>
      </w>
      <w n="8-1">
        <text>ad</text>
        <refs nrefs="2-15"/>
      </w>
      <w n="8-2">
        <text>Phoenicem</text>
        <refs nrefs="2-16"/>
      </w>
      <w n="8-3">
        <text>mare</text>
        <refs nrefs="2-18"/>
      </w>
      <w n="8-4">
        <text>rubrum</text>
        <refs nrefs="2-17"/>
      </w>
      <w n="8-5">
        <text>,</text>
      </w>
      <w n="8-6">
        <text>atque</text>
        <refs nrefs="2-19"/>
      </w>
      <w n="8-7">
        <text>Aethiopiam</text>
      </w>
      <w n="8-8">
        <text>:</text>
      </w>
      <w n="9-1">
        <text>ad</text>
        <refs nrefs="2-22"/>
      </w>
      <w n="9-2">
        <text>Austrum</text>
        <refs nrefs="2-23"/>
      </w>
      <w n="9-3">
        <text>Aethiopiam</text>
        <refs nrefs="2-24 2-27"/>
      </w>
      <w n="9-4">
        <text>quae</text>
      </w>
      <w n="9-5">
        <text>supra</text>
        <refs nrefs="2-25"/>
      </w>
      <w n="9-6">
        <text>Aegÿptum</text>
        <refs nrefs="2-26"/>
      </w>
      <w n="9-7">
        <text>est</text>
      </w>
      <w n="9-8">
        <text>:</text>
      </w>
      <w n="10-1">
        <text>ad</text>
        <refs nrefs="2-29"/>
      </w>
      <w n="10-2">
        <text>Leuconotum</text>
        <refs nrefs="2-30"/>
      </w>
      <w n="10-3">
        <text>Garamantas</text>
        <refs nrefs="2-31 2-34"/>
      </w>
      <w n="10-4">
        <text>qui</text>
      </w>
      <w n="10-5">
        <text>supra</text>
        <refs nrefs="2-32"/>
      </w>
      <w n="10-6">
        <text>Sÿrtes</text>
        <refs nrefs="2-33"/>
      </w>
      <w n="10-7">
        <text>sunt</text>
      </w>
      <w n="10-8">
        <text>:</text>
      </w>
      <w n="11-1">
        <text>versus</text>
        <refs nrefs="2-36"/>
      </w>
      <w n="11-2">
        <text>Africam</text>
        <refs nrefs="2-37"/>
      </w>
      <w n="11-3">
        <text>Aethiopas</text>
        <refs nrefs="2-38"/>
      </w>
      <w n="11-4">
        <text>occidentales</text>
        <refs nrefs="2-40"/>
      </w>
      <w n="11-5">
        <text>qui</text>
      </w>
      <w n="11-6">
        <text>supra</text>
        <refs nrefs="2-41"/>
      </w>
      <w n="11-7">
        <text>Mauros</text>
        <refs nrefs="2-42"/>
      </w>
      <w n="11-8">
        <text>degunt</text>
      </w>
      <w n="11-9">
        <text>:</text>
      </w>
      <w n="12-1">
        <text>versus</text>
        <refs nrefs="2-44"/>
      </w>
      <w n="12-2">
        <text>Zephÿrum</text>
        <refs nrefs="2-45"/>
      </w>
      <w n="12-3">
        <text>,</text>
      </w>
      <w n="12-4">
        <text>columnas</text>
        <refs nrefs="2-46"/>
      </w>
      <w n="12-5">
        <text>Herculis</text>
        <refs nrefs="2-46"/>
      </w>
      <w n="12-6">
        <text>cum</text>
      </w>
      <w n="12-7">
        <text>principio</text>
        <refs nrefs="2-48"/>
      </w>
      <w n="12-8">
        <text>Africae</text>
        <refs nrefs="2-49"/>
      </w>
      <w n="12-9">
        <text>et</text>
        <refs nrefs="2-50"/>
      </w>
      <w n="12-10">
        <text>Europae</text>
        <refs nrefs="2-51"/>
      </w>
      <w n="12-11">
        <text>:</text>
      </w>
      <w n="13-1">
        <text>ad</text>
        <refs nrefs="2-53"/>
      </w>
      <w n="13-2">
        <text>Caurum</text>
        <refs nrefs="2-54"/>
      </w>
      <w n="13-3">
        <text>,</text>
      </w>
      <w n="13-4">
        <text>lberiam</text>
        <refs nrefs="2-55"/>
      </w>
      <w n="13-5">
        <text>,</text>
      </w>
      <w n="13-6">
        <text>quae</text>
      </w>
      <w n="13-7">
        <text>nunc</text>
        <refs nrefs="2-58"/>
      </w>
      <w n="13-8">
        <text>Hispania</text>
        <refs nrefs="2-59"/>
      </w>
      <w n="13-9">
        <text>vocatur</text>
      </w>
      <w n="13-10">
        <text>:</text>
      </w>
      <w n="14-1">
        <text>versus</text>
        <refs nrefs="2-61"/>
      </w>
      <w n="14-2">
        <text>Thrasciam</text>
        <refs nrefs="2-63"/>
      </w>
      <w n="14-3">
        <text>sive</text>
      </w>
      <w n="14-4">
        <text>Circium</text>
        <refs nrefs="2-63"/>
      </w>
      <w n="14-5">
        <text>,</text>
      </w>
      <w n="14-6">
        <text>Gallos</text>
        <refs nrefs="2-64"/>
      </w>
      <w n="14-7">
        <text>gentesque</text>
        <refs nrefs="2-65 2-66 2-67"/>
      </w>
      <w n="14-8">
        <text>ﬁnitimas</text>
        <refs nrefs="2-65 2-66 2-67"/>
      </w>
      <w n="14-9">
        <text>:</text>
      </w>
      <w n="15-1">
        <text>versus</text>
        <refs nrefs="2-69"/>
      </w>
      <w n="15-2">
        <text>septentrionem</text>
        <refs nrefs="2-70"/>
      </w>
      <w n="15-3">
        <text>Scÿthas</text>
        <refs nrefs="2-71 2-74"/>
      </w>
      <w n="15-4">
        <text>qui</text>
      </w>
      <w n="15-5">
        <text>ultra</text>
        <refs nrefs="2-72"/>
      </w>
      <w n="15-6">
        <text>Thrasciam</text>
      </w>
      <w n="15-7">
        <text>degunt</text>
      </w>
      <w n="15-8">
        <text>:</text>
      </w>
      <w n="16-1">
        <text>ad</text>
        <refs nrefs="2-76"/>
      </w>
      <w n="16-2">
        <text>Boream</text>
        <refs nrefs="2-78"/>
      </w>
      <w n="16-3">
        <text>vero</text>
        <refs nrefs="2-77"/>
      </w>
      <w n="16-4">
        <text>sive</text>
      </w>
      <w n="16-5">
        <text>Aquilonem</text>
        <refs nrefs="2-78"/>
      </w>
      <w n="16-6">
        <text>Pontum</text>
        <refs nrefs="2-80"/>
      </w>
      <w n="16-7">
        <text>,</text>
      </w>
      <w n="16-8">
        <text>Maetidem</text>
        <refs nrefs="2-82"/>
      </w>
      <w n="16-9">
        <text>paludem</text>
      </w>
      <w n="16-10">
        <text>,</text>
      </w>
      <w n="16-11">
        <text>et</text>
      </w>
      <w n="16-12">
        <text>Sarmatas</text>
        <refs nrefs="2-84"/>
      </w>
      <w n="16-13">
        <text>:</text>
      </w>
      <w n="17-1">
        <text>denique</text>
      </w>
      <w n="17-2">
        <text>ad</text>
        <refs nrefs="2-86"/>
      </w>
      <w n="17-3">
        <text>Caeciam</text>
        <refs nrefs="2-87"/>
      </w>
      <w n="17-4">
        <text>Caspium</text>
        <refs nrefs="2-88"/>
      </w>
      <w n="17-5">
        <text>mare</text>
        <refs nrefs="2-89"/>
      </w>
      <w n="17-6">
        <text>et</text>
        <refs nrefs="2-90"/>
      </w>
      <w n="17-7">
        <text>Sacas</text>
        <refs nrefs="2-91"/>
      </w>
      <w n="17-8">
        <text>.</text>
      </w>
    </wds>
  </sentence>
</aligned-text>