<aligned-text xmlns="http://alpheios.net/namespaces/aligned-text">
  <language lnum="L1" xml:lang="grc" dir="ltr"/>
  <language lnum="L2" xml:lang="lat" dir="ltr"/>
  <sentence id="1" document_id="">
    <wds lnum="L1">
      <comment xmlns:ns_1="http://www.w3.org/1999/xlink" class="uri"/>
      <w n="1-1">
        <text>ἘΠΙΓΡΑΜΜΑ</text>
      </w>
      <w n="1-2">
        <text>εἰς</text>
      </w>
      <w n="1-3">
        <text>Ἀγάθημερον</text>
      </w>
      <w n="1-4">
        <text>Π</text>
      </w>
      <w n="1-5">
        <text>.</text>
      </w>
      <w n="2-1">
        <text>ΜΟΡΕΛΛΟΥ</text>
      </w>
      <w n="2-2">
        <text>.</text>
      </w>
      <w n="3-1">
        <text>Παῦρα</text>
        <refs nrefs="2-1"/>
      </w>
      <w n="3-2">
        <text>λόγοισι</text>
        <refs nrefs="2-3"/>
      </w>
      <w n="3-3">
        <text>,</text>
      </w>
      <w n="3-4">
        <text>νόῳ</text>
        <refs nrefs="2-5"/>
      </w>
      <w n="3-5">
        <text>δ’</text>
        <refs nrefs="2-4"/>
      </w>
      <w n="3-6">
        <text>ὅτι</text>
      </w>
      <w n="3-7">
        <text>πλεῖς</text>
        <refs nrefs="2-7"/>
      </w>
      <w n="3-8">
        <text>Ἀγάθήμερε</text>
        <refs nrefs="2-6"/>
      </w>
      <w n="3-9">
        <text>τυτθή</text>
        <refs nrefs="2-12"/>
      </w>
      <w n="3-10">
        <text>Ἀνδράσι</text>
        <refs nrefs="2-14"/>
      </w>
      <w n="3-11">
        <text>μουσοπόλοις</text>
        <refs nrefs="2-11"/>
      </w>
      <w n="3-12">
        <text>ἡ</text>
        <refs nrefs="2-13"/>
      </w>
      <w n="3-13">
        <text>σέο</text>
        <refs nrefs="2-9"/>
      </w>
      <w n="3-14">
        <text>τεῦχε</text>
        <refs nrefs="2-10"/>
      </w>
      <w n="3-15">
        <text>πίναξ</text>
        <refs nrefs="2-13"/>
      </w>
      <w n="3-16">
        <text>.</text>
      </w>
      <w n="4-1">
        <text>Γεωγραφίης</text>
        <refs nrefs="2-16"/>
      </w>
      <w n="4-2">
        <text>ᾄδουσα</text>
        <refs nrefs="2-24"/>
      </w>
      <w n="4-3">
        <text>γραφεῖς</text>
        <refs nrefs="2-17"/>
      </w>
      <w n="4-4">
        <text>,</text>
      </w>
      <w n="4-5">
        <text>χθονὸς</text>
        <refs nrefs="2-19"/>
      </w>
      <w n="4-6">
        <text>εἶδος</text>
        <refs nrefs="2-20"/>
      </w>
      <w n="4-7">
        <text>,</text>
      </w>
      <w n="4-8">
        <text>ἀήτων</text>
      </w>
      <w n="4-9">
        <text>Πνεύματα</text>
        <refs nrefs="2-26"/>
      </w>
      <w n="4-10">
        <text>,</text>
      </w>
      <w n="4-11">
        <text>καὶ</text>
        <refs nrefs="2-28"/>
      </w>
      <w n="4-12">
        <text>κόλπους</text>
        <refs nrefs="2-29"/>
      </w>
      <w n="4-13">
        <text>τῆς</text>
        <refs nrefs="2-28"/>
      </w>
      <w n="4-14">
        <text>ἁλὸς</text>
        <refs nrefs="2-28"/>
      </w>
      <w n="4-15">
        <text>ἀτρυγέτου</text>
        <refs nrefs="2-28"/>
      </w>
      <w n="4-16">
        <text>.</text>
      </w>
      <w n="5-1">
        <text>Ἀλλά</text>
        <refs nrefs="3-1"/>
      </w>
      <w n="5-2">
        <text>γε</text>
      </w>
      <w n="5-3">
        <text>καὶ</text>
        <refs nrefs="3-1"/>
      </w>
      <w n="5-4">
        <text>σταδίοις</text>
        <refs nrefs="3-3"/>
      </w>
      <w n="5-5">
        <text>ὁπόσοις</text>
        <refs nrefs="3-2"/>
      </w>
      <w n="5-6">
        <text>ἀπόπροσθε</text>
        <refs nrefs="3-5"/>
      </w>
      <w n="5-7">
        <text>Γαδείρων</text>
        <refs nrefs="3-6"/>
      </w>
      <w n="5-8">
        <text>Πάρ</text>
        <refs nrefs="3-7 3-8"/>
      </w>
      <w n="5-9">
        <text>τε</text>
      </w>
      <w n="5-10">
        <text>ποσῶν</text>
        <refs nrefs="3-12"/>
      </w>
      <w n="5-11">
        <text>ἀκτῶν</text>
        <refs nrefs="3-11"/>
      </w>
      <w n="5-12">
        <text>ῥεῖ</text>
        <refs nrefs="3-13"/>
      </w>
      <w n="5-13">
        <text>Σκυθικὸς</text>
        <refs nrefs="3-9"/>
      </w>
      <w n="5-14">
        <text>Τάναις</text>
        <refs nrefs="3-10"/>
      </w>
      <w n="5-15">
        <text>.</text>
      </w>
    </wds>
    <wds lnum="L2">
      <comment xmlns:ns_1="http://www.w3.org/1999/xlink" class="uri"/>
      <w n="1-1">
        <text>Idem</text>
      </w>
      <w n="1-2">
        <text>Latine</text>
      </w>
      <w n="1-3">
        <text>,</text>
      </w>
      <w n="1-4">
        <text>ipso</text>
      </w>
      <w n="1-5">
        <text>MORELLO</text>
      </w>
      <w n="1-6">
        <text>interp</text>
      </w>
      <w n="1-7">
        <text>.</text>
      </w>
      <w n="2-1">
        <text>Pauca</text>
        <refs nrefs="3-1"/>
      </w>
      <w n="2-2">
        <text>quidem</text>
      </w>
      <w n="2-3">
        <text>verbis</text>
        <refs nrefs="3-2"/>
      </w>
      <w n="2-4">
        <text>sed</text>
        <refs nrefs="3-5"/>
      </w>
      <w n="2-5">
        <text>sensu</text>
        <refs nrefs="3-4"/>
      </w>
      <w n="2-6">
        <text>Agathemere</text>
        <refs nrefs="3-8"/>
      </w>
      <w n="2-7">
        <text>multa</text>
        <refs nrefs="3-7"/>
      </w>
      <w n="2-8">
        <text>Haec</text>
      </w>
      <w n="2-9">
        <text>tua</text>
        <refs nrefs="3-13"/>
      </w>
      <w n="2-10">
        <text>fert</text>
        <refs nrefs="3-14"/>
      </w>
      <w n="2-11">
        <text>doctis</text>
        <refs nrefs="3-11"/>
      </w>
      <w n="2-12">
        <text>parva</text>
        <refs nrefs="3-9"/>
      </w>
      <w n="2-13">
        <text>tabella</text>
        <refs nrefs="3-12 3-15"/>
      </w>
      <w n="2-14">
        <text>viris</text>
        <refs nrefs="3-10"/>
      </w>
      <w n="2-15">
        <text>,</text>
      </w>
      <w n="2-16">
        <text>Geographiae</text>
        <refs nrefs="4-1"/>
      </w>
      <w n="2-17">
        <text>auctores</text>
        <refs nrefs="4-3"/>
      </w>
      <w n="2-18">
        <text>,</text>
      </w>
      <w n="2-19">
        <text>terrae</text>
        <refs nrefs="4-5"/>
      </w>
      <w n="2-20">
        <text>formamque</text>
        <refs nrefs="4-6"/>
      </w>
      <w n="2-21">
        <text>situmque</text>
      </w>
      <w n="2-22">
        <text>,</text>
      </w>
      <w n="2-23">
        <text>Haec</text>
      </w>
      <w n="2-24">
        <text>canit</text>
        <refs nrefs="4-2"/>
      </w>
      <w n="2-25">
        <text>et</text>
      </w>
      <w n="2-26">
        <text>ventos</text>
        <refs nrefs="4-9"/>
      </w>
      <w n="2-27">
        <text>,</text>
      </w>
      <w n="2-28">
        <text>aequoreosque</text>
        <refs nrefs="4-11 4-13 4-14 4-15"/>
      </w>
      <w n="2-29">
        <text>sinus</text>
        <refs nrefs="4-12"/>
      </w>
      <w n="2-30">
        <text>:</text>
      </w>
      <w n="3-1">
        <text>Denique</text>
        <refs nrefs="5-1 5-3"/>
      </w>
      <w n="3-2">
        <text>quot</text>
        <refs nrefs="5-5"/>
      </w>
      <w n="3-3">
        <text>stadijs</text>
        <refs nrefs="5-4"/>
      </w>
      <w n="3-4">
        <text>distent</text>
      </w>
      <w n="3-5">
        <text>à</text>
        <refs nrefs="5-6"/>
      </w>
      <w n="3-6">
        <text>Gadibus</text>
        <refs nrefs="5-7"/>
      </w>
      <w n="3-7">
        <text>usque</text>
        <refs nrefs="5-8"/>
      </w>
      <w n="3-8">
        <text>Ad</text>
        <refs nrefs="5-8"/>
      </w>
      <w n="3-9">
        <text>Scÿthicum</text>
        <refs nrefs="5-13"/>
      </w>
      <w n="3-10">
        <text>Tanain</text>
        <refs nrefs="5-14"/>
      </w>
      <w n="3-11">
        <text>littora</text>
        <refs nrefs="5-11"/>
      </w>
      <w n="3-12">
        <text>quaeque</text>
        <refs nrefs="5-10"/>
      </w>
      <w n="3-13">
        <text>refert</text>
        <refs nrefs="5-12"/>
      </w>
      <w n="3-14">
        <text>.</text>
      </w>
    </wds>
  </sentence>
</aligned-text>